candidate_id,age,group,books_before,books_after
1,21,Non-recipient,3,2
2,24,Recipient,2,2
3,19,Recipient,15,15
4,29,Recipient,8,8
5,21,Non-recipient,22,21
6,29,Recipient,1,1
7,22,Non-recipient,14,13
8,20,Recipient,6,6
9,24,Non-recipient,0,0
10,22,Non-recipient,5,4
11,24,Recipient,1,1
12,24,Non-recipient,6,5
13,22,Non-recipient,1,0
14,26,Non-recipient,7,6
15,18,Recipient,0,0
16,23,Recipient,15,15
17,26,Recipient,0,0
18,26,Recipient,10,10
19,19,Recipient,14,14
20,30,Recipient,12,12
21,24,Non-recipient,0,0
22,18,Recipient,1,1
23,20,Recipient,9,9
24,30,Recipient,4,4
25,27,Non-recipient,6,5
26,30,Recipient,15,15
27,18,Non-recipient,4,3
28,24,Recipient,0,0
29,22,Recipient,1,1
30,18,Recipient,0,0
31,18,Recipient,4,4
32,22,Non-recipient,0,0
33,19,Non-recipient,11,10
34,22,Non-recipient,0,0
35,24,Non-recipient,3,2
36,30,Non-recipient,0,0
37,18,Recipient,3,3
38,27,Non-recipient,15,14
39,22,Non-recipient,6,5
40,18,Non-recipient,22,21
41,22,Non-recipient,2,1
42,21,Recipient,19,19
43,29,Recipient,8,8
44,28,Non-recipient,1,0
45,22,Non-recipient,4,3
46,30,Non-recipient,2,1
47,24,Recipient,57,57
48,20,Non-recipient,10,9
49,20,Non-recipient,2,1
50,23,Recipient,3,3
51,27,Non-recipient,0,0
52,28,Recipient,11,11
53,23,Non-recipient,0,0
54,21,Recipient,4,4
55,21,Recipient,1,1
56,24,Recipient,1,1
57,22,Non-recipient,8,7
58,22,Recipient,2,2
59,30,Non-recipient,6,5
60,22,Recipient,9,9
61,20,Recipient,22,22
62,22,Recipient,8,8
63,19,Non-recipient,5,4
64,30,Non-recipient,4,3
65,27,Recipient,9,9
66,21,Recipient,11,11
67,28,Non-recipient,14,13
68,22,Non-recipient,1,0
69,21,Non-recipient,1,0
70,18,Recipient,10,10
71,29,Non-recipient,5,4
72,22,Recipient,2,2
73,28,Non-recipient,9,8
74,18,Recipient,1,1
75,19,Non-recipient,3,2
76,27,Recipient,15,15
77,19,Non-recipient,1,0
78,23,Non-recipient,20,19
79,18,Non-recipient,0,0
80,20,Non-recipient,6,5
81,18,Non-recipient,10,9
82,22,Non-recipient,3,2
83,21,Non-recipient,2,1
84,19,Non-recipient,4,3
85,21,Non-recipient,2,1
86,29,Non-recipient,4,3
87,28,Non-recipient,4,3
88,30,Non-recipient,0,0
89,19,Recipient,7,7
90,22,Non-recipient,4,3
91,29,Non-recipient,1,0
92,24,Non-recipient,0,0
93,27,Recipient,11,11
94,21,Recipient,1,1
95,26,Non-recipient,7,6
96,20,Non-recipient,2,1
97,20,Non-recipient,1,0
98,18,Non-recipient,4,3
99,19,Non-recipient,4,3
100,27,Non-recipient,21,20
101,21,Recipient,2,2
102,21,Non-recipient,1,0
103,22,Non-recipient,7,6
104,19,Non-recipient,7,6
105,24,Recipient,5,5
106,27,Non-recipient,2,1
107,24,Non-recipient,1,0
108,28,Non-recipient,10,9
109,24,Recipient,5,5
110,19,Non-recipient,5,4
111,19,Recipient,0,0
112,23,Recipient,1,1
113,19,Non-recipient,0,0
114,26,Non-recipient,3,2
115,19,Non-recipient,5,4
116,28,Recipient,1,1
117,18,Recipient,4,4
118,26,Recipient,0,0
119,24,Recipient,8,8
120,21,Non-recipient,0,0
121,26,Recipient,3,3
122,24,Non-recipient,0,0
123,27,Non-recipient,0,0
124,22,Non-recipient,1,0
125,19,Non-recipient,4,3
126,19,Recipient,15,15
127,27,Recipient,8,8
128,27,Recipient,2,2
129,20,Recipient,2,2
130,26,Recipient,3,3
131,26,Non-recipient,0,0
132,21,Non-recipient,4,3
133,22,Recipient,9,9
134,30,Non-recipient,0,0
135,18,Non-recipient,10,9
136,27,Recipient,9,9
137,26,Recipient,4,4
138,28,Recipient,2,2
139,18,Recipient,8,8
140,24,Non-recipient,6,5
141,18,Recipient,6,6
142,30,Non-recipient,5,4
143,24,Non-recipient,3,2
144,29,Non-recipient,5,4
145,18,Non-recipient,5,4
146,22,Non-recipient,1,0
147,23,Recipient,2,2
148,22,Recipient,25,25
149,24,Non-recipient,1,0
150,21,Recipient,3,3
151,24,Non-recipient,1,0
152,19,Recipient,0,0
153,28,Recipient,1,1
154,20,Recipient,0,0
155,26,Recipient,12,12
156,19,Recipient,2,2
157,18,Recipient,4,4
158,28,Non-recipient,0,0
159,29,Non-recipient,10,9
160,19,Recipient,6,6
161,24,Non-recipient,11,10
162,26,Recipient,10,10
163,28,Recipient,5,5
164,23,Recipient,5,5
165,18,Recipient,1,1
166,24,Recipient,0,0
167,26,Non-recipient,8,7
168,20,Recipient,3,3
169,26,Non-recipient,6,5
170,26,Recipient,9,9
171,19,Non-recipient,9,8
172,24,Non-recipient,5,4
173,18,Non-recipient,10,9
174,24,Non-recipient,8,7
175,20,Non-recipient,0,0
176,18,Non-recipient,18,17
177,30,Non-recipient,6,5
178,30,Recipient,1,1
179,19,Recipient,16,16
180,21,Recipient,7,7
181,27,Non-recipient,1,0
182,21,Non-recipient,4,3
183,18,Non-recipient,4,3
184,20,Non-recipient,18,17
185,24,Recipient,6,6
186,22,Recipient,6,6
187,20,Non-recipient,7,6
188,22,Recipient,8,8
189,22,Non-recipient,24,23
190,22,Recipient,3,3
191,30,Non-recipient,11,10
192,21,Non-recipient,7,6
193,30,Non-recipient,2,1
194,22,Non-recipient,7,6
195,24,Non-recipient,5,4
196,18,Non-recipient,1,0
197,20,Non-recipient,5,4
198,19,Non-recipient,0,0
199,19,Recipient,22,22
200,28,Recipient,5,5
201,29,Non-recipient,0,0
202,24,Non-recipient,0,0
203,25,Non-recipient,1,0
204,26,Recipient,5,5
205,28,Recipient,19,19
206,22,Recipient,7,7
207,30,Non-recipient,10,9
208,26,Recipient,14,14
209,21,Non-recipient,8,7
210,20,Recipient,4,4
211,29,Recipient,5,5
212,30,Non-recipient,1,0
213,19,Non-recipient,11,10
214,30,Non-recipient,5,4
215,24,Non-recipient,2,1
216,26,Non-recipient,4,3
217,30,Non-recipient,0,0
218,24,Recipient,0,0
219,26,Non-recipient,3,2
220,26,Recipient,8,8
221,19,Non-recipient,7,6
222,27,Recipient,23,23
223,23,Recipient,4,4
224,26,Recipient,21,21
225,26,Non-recipient,2,1
226,24,Non-recipient,3,2
227,30,Recipient,15,15
228,26,Recipient,39,39
229,22,Recipient,0,0
230,29,Recipient,1,1
231,29,Recipient,6,6
232,22,Recipient,11,11
233,30,Non-recipient,3,2
234,18,Non-recipient,11,10
235,20,Recipient,3,3
236,26,Recipient,27,27
237,30,Non-recipient,5,4
238,18,Non-recipient,8,7
239,19,Recipient,4,4
240,22,Recipient,9,9
241,30,Non-recipient,6,5
242,28,Recipient,1,1
243,24,Non-recipient,10,9
244,26,Non-recipient,12,11
245,24,Non-recipient,15,14
246,30,Non-recipient,8,7
247,27,Non-recipient,10,9
248,26,Non-recipient,11,10
249,19,Non-recipient,6,5
250,29,Non-recipient,4,3
251,30,Recipient,1,1
252,18,Recipient,2,2
253,18,Recipient,2,2
254,26,Recipient,3,3
255,20,Non-recipient,1,0
256,22,Non-recipient,1,0
257,26,Recipient,2,2
258,19,Recipient,17,17
259,25,Recipient,1,1
260,30,Non-recipient,9,8
261,22,Recipient,4,4
262,19,Non-recipient,3,2
263,19,Non-recipient,2,1
264,30,Recipient,0,0
265,29,Non-recipient,3,2
266,27,Non-recipient,37,36
267,19,Recipient,0,0
268,21,Recipient,13,13
269,30,Recipient,0,0
270,27,Non-recipient,0,0
271,22,Non-recipient,1,0
272,28,Recipient,15,15
273,24,Non-recipient,4,3
274,20,Non-recipient,2,1
275,18,Non-recipient,0,0
276,26,Non-recipient,1,0
277,18,Non-recipient,0,0
278,22,Non-recipient,6,5
279,19,Recipient,1,1
280,24,Non-recipient,1,0
281,19,Recipient,0,0
282,21,Recipient,10,10
283,27,Non-recipient,4,3
284,30,Non-recipient,2,1
285,19,Non-recipient,2,1
286,26,Recipient,8,8
287,28,Non-recipient,6,5
288,26,Recipient,1,1
289,21,Recipient,8,8
290,30,Non-recipient,16,15
291,24,Recipient,22,22
292,22,Recipient,2,2
293,29,Non-recipient,9,8
294,27,Non-recipient,8,7
295,28,Non-recipient,1,0
296,18,Recipient,9,9
297,26,Recipient,2,2
298,20,Recipient,4,4
299,18,Recipient,3,3
300,19,Recipient,8,8
301,24,Non-recipient,2,1
302,19,Recipient,1,1
303,20,Recipient,1,1
304,24,Recipient,2,2
305,18,Non-recipient,5,4
306,30,Non-recipient,3,2
307,27,Recipient,4,4
308,20,Recipient,7,7
309,18,Non-recipient,18,17
310,26,Non-recipient,0,0
311,29,Recipient,27,27
312,30,Recipient,1,1
313,27,Recipient,11,11
314,30,Recipient,12,12
315,26,Non-recipient,5,4
316,22,Non-recipient,8,7
317,26,Non-recipient,2,1
318,30,Non-recipient,7,6
319,24,Non-recipient,1,0
320,20,Non-recipient,8,7
321,26,Recipient,2,2
322,24,Recipient,0,0
323,24,Recipient,1,1
324,24,Non-recipient,0,0
325,24,Recipient,0,0
326,24,Recipient,6,6
327,22,Non-recipient,3,2
328,24,Recipient,11,11
329,20,Recipient,7,7
330,20,Non-recipient,3,2
331,21,Recipient,1,1
332,20,Non-recipient,7,6
333,18,Recipient,0,0
334,28,Non-recipient,9,8
335,21,Non-recipient,4,3
336,24,Non-recipient,2,1
337,21,Non-recipient,9,8
338,22,Non-recipient,18,17
339,22,Non-recipient,12,11
340,29,Non-recipient,0,0
341,28,Recipient,15,15
342,28,Recipient,9,9
343,27,Recipient,0,0
344,29,Non-recipient,2,1
345,30,Recipient,10,10
346,20,Non-recipient,6,5
347,28,Recipient,2,2
348,30,Non-recipient,0,0
349,19,Non-recipient,12,11
350,21,Non-recipient,13,12
351,24,Non-recipient,15,14
352,30,Non-recipient,12,11
353,23,Non-recipient,6,5
354,26,Non-recipient,1,0
355,27,Recipient,2,2
356,27,Non-recipient,1,0
357,26,Recipient,11,11
358,21,Non-recipient,0,0
359,19,Recipient,5,5
360,30,Recipient,1,1
361,24,Recipient,8,8
362,19,Non-recipient,19,18
363,29,Non-recipient,5,4
364,30,Recipient,8,8
365,30,Recipient,6,6
366,18,Recipient,11,11
367,30,Recipient,8,8
368,18,Recipient,11,11
369,22,Non-recipient,7,6
370,20,Non-recipient,1,0
371,30,Non-recipient,1,0
372,21,Recipient,2,2
373,20,Recipient,12,12
374,18,Non-recipient,24,23
375,21,Recipient,4,4
376,20,Non-recipient,4,3
377,30,Recipient,5,5
378,22,Recipient,0,0
379,21,Non-recipient,7,6
380,28,Non-recipient,4,3
381,27,Recipient,2,2
382,30,Non-recipient,4,3
383,24,Recipient,7,7
384,30,Non-recipient,3,2
385,27,Non-recipient,11,10
386,18,Non-recipient,29,28
387,21,Non-recipient,16,15
388,22,Non-recipient,23,22
389,23,Recipient,0,0
390,19,Recipient,18,18
391,30,Non-recipient,3,2
392,18,Non-recipient,16,15
393,19,Recipient,1,1
394,28,Recipient,7,7
395,27,Recipient,1,1
396,20,Recipient,5,5
397,22,Non-recipient,2,1
398,27,Non-recipient,28,27
399,29,Recipient,12,12
400,27,Non-recipient,3,2
401,22,Non-recipient,0,0
402,26,Non-recipient,0,0
403,22,Recipient,4,4
404,22,Non-recipient,1,0
405,20,Recipient,15,15
406,22,Non-recipient,2,1
407,26,Recipient,5,5
408,22,Non-recipient,0,0
409,18,Non-recipient,16,15
410,22,Recipient,17,17
411,30,Recipient,0,0
412,21,Non-recipient,19,18
413,26,Recipient,9,9
414,24,Non-recipient,4,3
415,27,Recipient,0,0
416,20,Recipient,2,2
417,19,Recipient,1,1
418,22,Recipient,0,0
419,18,Non-recipient,5,4
420,21,Recipient,2,2
421,24,Non-recipient,8,7
422,20,Recipient,0,0
423,24,Non-recipient,1,0
424,28,Recipient,4,4
425,18,Non-recipient,2,1
426,30,Non-recipient,10,9
427,23,Recipient,1,1
428,27,Non-recipient,0,0
429,19,Recipient,10,10
430,24,Recipient,18,18
431,28,Non-recipient,4,3
432,28,Recipient,9,9
433,28,Non-recipient,12,11
434,22,Non-recipient,1,0
435,22,Recipient,16,16
436,27,Non-recipient,1,0
437,19,Non-recipient,19,18
438,27,Non-recipient,19,18
439,22,Non-recipient,1,0
440,19,Recipient,6,6
441,24,Recipient,34,34
442,27,Non-recipient,0,0
443,24,Recipient,10,10
444,30,Recipient,3,3
445,20,Non-recipient,0,0
446,22,Recipient,1,1
447,29,Recipient,13,13
448,19,Recipient,0,0
449,28,Non-recipient,6,5
450,20,Recipient,2,2
451,30,Non-recipient,4,3
452,23,Non-recipient,0,0
453,20,Non-recipient,0,0
454,21,Non-recipient,4,3
455,21,Recipient,10,10
456,19,Non-recipient,3,2
457,20,Recipient,3,3
458,20,Recipient,1,1
459,18,Recipient,8,8
460,22,Non-recipient,1,0
461,18,Recipient,6,6
462,27,Non-recipient,0,0
463,24,Non-recipient,23,22
464,26,Recipient,0,0
465,27,Non-recipient,3,2
466,21,Non-recipient,3,2
467,22,Non-recipient,0,0
468,29,Recipient,0,0
469,22,Non-recipient,8,7
470,29,Recipient,5,5
471,27,Recipient,13,13
472,21,Non-recipient,0,0
473,22,Non-recipient,0,0
474,26,Non-recipient,1,0
475,28,Non-recipient,22,21
476,24,Recipient,0,0
477,20,Non-recipient,0,0
478,18,Non-recipient,3,2
479,29,Non-recipient,3,2
480,24,Non-recipient,13,12
481,19,Recipient,24,24
482,18,Recipient,5,5
483,26,Recipient,29,29
484,19,Non-recipient,5,4
485,23,Recipient,23,23
486,20,Non-recipient,8,7
487,27,Non-recipient,1,0
488,22,Recipient,35,35
489,29,Recipient,15,15
490,22,Recipient,1,1
491,30,Recipient,14,14
492,22,Non-recipient,4,3
493,20,Non-recipient,5,4
494,21,Recipient,9,9
495,30,Non-recipient,1,0
496,20,Recipient,16,16
497,27,Non-recipient,2,1
498,19,Non-recipient,2,1
499,30,Recipient,0,0
500,18,Recipient,2,2
501,22,Non-recipient,1,0
502,27,Recipient,4,4
503,20,Non-recipient,15,14
504,30,Recipient,0,0
505,20,Non-recipient,1,0
506,22,Non-recipient,2,1
507,27,Non-recipient,12,11
508,22,Recipient,3,3
509,18,Non-recipient,8,7
510,20,Non-recipient,9,8
511,24,Recipient,5,5
512,18,Non-recipient,14,13
513,24,Recipient,19,19
514,27,Non-recipient,0,0
515,24,Recipient,2,2
516,20,Recipient,8,8
517,26,Non-recipient,10,9
518,22,Recipient,5,5
519,27,Non-recipient,3,2
520,27,Recipient,3,3
521,30,Recipient,0,0
522,30,Recipient,5,5
523,19,Recipient,3,3
524,30,Recipient,0,0
525,19,Non-recipient,0,0
526,18,Recipient,19,19
527,19,Non-recipient,0,0
528,26,Non-recipient,2,1
529,24,Recipient,6,6
530,19,Recipient,1,1
531,18,Recipient,3,3
532,18,Recipient,0,0
533,18,Recipient,1,1
534,19,Non-recipient,8,7
535,20,Recipient,12,12
536,20,Non-recipient,8,7
537,20,Recipient,10,10
538,30,Recipient,5,5
539,26,Non-recipient,0,0
540,28,Recipient,18,18
541,27,Non-recipient,21,20
542,27,Recipient,0,0
543,20,Non-recipient,9,8
544,27,Non-recipient,11,10
545,20,Recipient,10,10
546,28,Non-recipient,1,0
547,26,Non-recipient,1,0
548,30,Recipient,4,4
549,30,Non-recipient,7,6
550,19,Non-recipient,1,0
551,27,Recipient,1,1
552,19,Non-recipient,0,0
553,30,Recipient,0,0
554,21,Non-recipient,2,1
555,22,Recipient,1,1
556,28,Non-recipient,7,6
557,27,Non-recipient,3,2
558,18,Recipient,16,16
559,26,Non-recipient,2,1
560,20,Non-recipient,13,12
561,28,Recipient,3,3
562,26,Non-recipient,1,0
563,20,Non-recipient,19,18
564,30,Non-recipient,1,0
565,20,Recipient,10,10
566,20,Non-recipient,3,2
567,26,Non-recipient,7,6
568,19,Non-recipient,7,6
569,18,Recipient,1,1
570,26,Non-recipient,1,0
571,29,Recipient,8,8
572,21,Non-recipient,16,15
573,24,Non-recipient,1,0
574,29,Recipient,13,13
575,24,Non-recipient,10,9
576,22,Recipient,2,2
577,22,Non-recipient,13,12
578,21,Recipient,0,0
579,22,Non-recipient,3,2
580,29,Recipient,9,9
581,18,Recipient,17,17
582,23,Recipient,13,13
583,24,Recipient,22,22
584,18,Recipient,2,2
585,18,Non-recipient,0,0
586,29,Non-recipient,2,1
587,30,Non-recipient,13,12
588,26,Non-recipient,11,10
589,19,Recipient,1,1
590,27,Recipient,14,14
591,21,Recipient,2,2
592,24,Recipient,31,31
593,28,Non-recipient,6,5
594,30,Non-recipient,2,1
595,26,Recipient,2,2
596,20,Recipient,16,16
597,30,Non-recipient,1,0
598,22,Non-recipient,0,0
599,18,Recipient,10,10
600,20,Recipient,13,13
601,26,Non-recipient,1,0
602,29,Recipient,10,10
603,24,Recipient,14,14
604,18,Recipient,3,3
605,20,Non-recipient,9,8
606,24,Recipient,9,9
607,26,Non-recipient,8,7
608,24,Recipient,14,14
609,30,Recipient,28,28
610,30,Non-recipient,5,4
611,23,Recipient,8,8
612,29,Non-recipient,2,1
613,21,Recipient,7,7
614,18,Non-recipient,3,2
615,26,Non-recipient,9,8
616,24,Recipient,7,7
617,28,Recipient,6,6
618,26,Non-recipient,5,4
619,26,Non-recipient,2,1
620,27,Recipient,6,6
621,18,Non-recipient,1,0
622,22,Recipient,5,5
623,27,Recipient,1,1
624,30,Non-recipient,10,9
625,30,Non-recipient,5,4
626,18,Non-recipient,0,0
627,27,Recipient,1,1
628,24,Recipient,1,1
629,22,Non-recipient,11,10
630,24,Non-recipient,5,4
631,22,Recipient,28,28
632,27,Recipient,5,5
633,29,Non-recipient,1,0
634,20,Non-recipient,1,0
635,20,Non-recipient,6,5
636,24,Recipient,1,1
637,29,Recipient,3,3
638,30,Non-recipient,19,18
639,26,Non-recipient,13,12
640,29,Non-recipient,5,4
641,20,Non-recipient,1,0
642,28,Recipient,1,1
643,20,Non-recipient,14,13
644,20,Non-recipient,17,16
645,30,Non-recipient,6,5
646,26,Non-recipient,7,6
647,23,Non-recipient,5,4
648,20,Non-recipient,5,4
649,22,Recipient,13,13
650,19,Recipient,15,15
651,26,Recipient,11,11
652,18,Non-recipient,2,1
653,30,Recipient,0,0
654,22,Non-recipient,3,2
655,29,Non-recipient,5,4
656,20,Recipient,9,9
657,30,Non-recipient,3,2
658,30,Non-recipient,4,3
659,29,Non-recipient,1,0
660,19,Recipient,41,41
661,26,Recipient,12,12
662,24,Recipient,10,10
663,26,Non-recipient,1,0
664,27,Recipient,3,3
665,22,Recipient,19,19
666,27,Recipient,13,13
667,19,Non-recipient,1,0
668,30,Non-recipient,15,14
669,21,Recipient,0,0
670,21,Recipient,0,0
671,21,Recipient,3,3
672,22,Recipient,9,9
673,28,Non-recipient,2,1
674,18,Non-recipient,0,0
675,27,Non-recipient,1,0
676,18,Recipient,2,2
677,24,Recipient,4,4
678,26,Recipient,7,7
679,26,Non-recipient,14,13
680,20,Recipient,3,3
681,29,Recipient,1,1
682,28,Non-recipient,16,15
683,29,Recipient,27,27
684,24,Non-recipient,0,0
685,29,Non-recipient,14,13
686,19,Non-recipient,3,2
687,18,Recipient,41,41
688,24,Recipient,4,4
689,21,Non-recipient,11,10
690,30,Recipient,3,3
691,23,Recipient,14,14
692,19,Non-recipient,1,0
693,30,Non-recipient,3,2
694,26,Non-recipient,10,9
695,27,Non-recipient,3,2
696,30,Recipient,7,7
697,22,Non-recipient,1,0
698,22,Recipient,4,4
699,29,Non-recipient,10,9
700,19,Non-recipient,3,2
701,20,Recipient,3,3
702,20,Non-recipient,6,5
703,20,Non-recipient,8,7
704,21,Recipient,18,18
705,18,Recipient,2,2
706,22,Non-recipient,5,4
707,21,Recipient,7,7
708,18,Non-recipient,0,0
709,19,Recipient,1,1
710,26,Non-recipient,7,6
711,24,Recipient,6,6
712,24,Non-recipient,0,0
713,21,Recipient,6,6
714,19,Non-recipient,1,0
715,18,Recipient,9,9
716,28,Recipient,2,2
717,24,Recipient,7,7
718,22,Non-recipient,0,0
719,22,Recipient,10,10
720,28,Recipient,1,1
721,26,Recipient,4,4
722,21,Recipient,22,22
723,27,Recipient,3,3
724,22,Recipient,0,0
725,21,Non-recipient,1,0
726,22,Recipient,24,24
727,26,Recipient,0,0
728,19,Non-recipient,0,0
729,24,Recipient,4,4
730,22,Non-recipient,17,16
731,28,Recipient,4,4
732,22,Non-recipient,9,8
733,28,Non-recipient,2,1
734,20,Non-recipient,5,4
735,28,Recipient,2,2
736,28,Recipient,5,5
737,28,Recipient,0,0
738,24,Non-recipient,7,6
739,30,Non-recipient,4,3
740,27,Non-recipient,3,2
741,18,Non-recipient,3,2
742,24,Non-recipient,4,3
743,28,Recipient,7,7
744,27,Recipient,23,23
745,26,Non-recipient,5,4
746,24,Recipient,13,13
747,27,Non-recipient,0,0
748,20,Non-recipient,6,5
749,22,Recipient,6,6
750,28,Non-recipient,3,2
751,19,Non-recipient,2,1
752,29,Non-recipient,7,6
753,19,Recipient,2,2
754,28,Recipient,1,1
755,22,Recipient,0,0
756,24,Non-recipient,8,7
757,30,Recipient,0,0
758,26,Recipient,1,1
759,26,Recipient,1,1
760,21,Recipient,1,1
761,27,Recipient,3,3
762,30,Non-recipient,13,12
763,30,Non-recipient,9,8
764,30,Non-recipient,8,7
765,24,Recipient,2,2
766,24,Non-recipient,6,5
767,24,Non-recipient,5,4
768,30,Recipient,9,9
769,24,Non-recipient,0,0
770,18,Recipient,22,22
771,24,Non-recipient,0,0
772,20,Recipient,16,16
773,29,Non-recipient,22,21
774,21,Non-recipient,1,0
775,22,Recipient,4,4
776,22,Non-recipient,35,34
777,22,Recipient,35,35
778,28,Non-recipient,3,2
779,27,Recipient,7,7
780,30,Recipient,1,1
781,24,Non-recipient,5,4
782,26,Recipient,0,0
783,22,Recipient,9,9
784,20,Recipient,1,1
785,28,Non-recipient,4,3
786,26,Recipient,3,3
787,22,Recipient,2,2
788,19,Recipient,0,0
789,18,Non-recipient,3,2
790,24,Non-recipient,9,8
791,27,Recipient,3,3
792,22,Recipient,0,0
793,20,Non-recipient,0,0
794,26,Recipient,10,10
795,18,Non-recipient,7,6
796,29,Non-recipient,0,0
797,30,Non-recipient,1,0
798,18,Non-recipient,2,1
799,18,Non-recipient,9,8
800,24,Recipient,0,0
801,26,Recipient,18,18
802,30,Non-recipient,7,6
803,22,Recipient,10,10
804,19,Non-recipient,14,13
805,29,Recipient,4,4
806,28,Non-recipient,2,1
807,24,Non-recipient,1,0
808,22,Recipient,10,10
809,26,Non-recipient,7,6
810,20,Recipient,7,7
811,19,Non-recipient,1,0
812,19,Non-recipient,0,0
813,19,Recipient,0,0
814,21,Non-recipient,1,0
815,25,Non-recipient,6,5
816,18,Non-recipient,14,13
817,20,Non-recipient,0,0
818,27,Non-recipient,4,3
819,18,Recipient,0,0
820,26,Non-recipient,8,7
821,26,Recipient,8,8
822,18,Non-recipient,5,4
823,18,Recipient,6,6
824,19,Non-recipient,5,4
825,26,Recipient,8,8
826,28,Recipient,3,3
827,26,Non-recipient,0,0
828,18,Recipient,1,1
829,26,Non-recipient,10,9
830,18,Non-recipient,0,0
831,20,Recipient,10,10
832,20,Recipient,28,28
833,27,Recipient,1,1
834,30,Recipient,6,6
835,19,Non-recipient,13,12
836,22,Non-recipient,7,6
837,21,Recipient,3,3
838,29,Recipient,9,9
839,22,Non-recipient,3,2
840,26,Recipient,12,12
841,24,Recipient,10,10
842,22,Recipient,3,3
843,20,Non-recipient,14,13
844,27,Recipient,4,4
845,30,Recipient,0,0
846,27,Non-recipient,13,12
847,23,Non-recipient,5,4
848,27,Non-recipient,20,19
849,18,Non-recipient,3,2
850,19,Recipient,1,1
851,30,Non-recipient,5,4
852,30,Recipient,9,9
853,20,Non-recipient,4,3
854,22,Non-recipient,2,1
855,30,Recipient,9,9
856,26,Non-recipient,0,0
857,30,Non-recipient,0,0
858,29,Recipient,6,6
859,30,Non-recipient,2,1
860,18,Non-recipient,14,13
861,28,Recipient,3,3
862,26,Non-recipient,8,7
863,21,Non-recipient,5,4
864,23,Recipient,4,4
865,24,Recipient,6,6
866,20,Non-recipient,10,9
867,18,Non-recipient,0,0
868,25,Recipient,4,4
869,26,Non-recipient,3,2
870,28,Non-recipient,4,3
871,20,Non-recipient,1,0
872,27,Recipient,7,7
873,28,Recipient,8,8
874,27,Recipient,0,0
875,30,Recipient,6,6
876,20,Non-recipient,11,10
877,20,Non-recipient,4,3
878,24,Recipient,3,3
879,26,Recipient,2,2
880,23,Recipient,5,5
881,29,Non-recipient,1,0
882,28,Recipient,11,11
883,21,Non-recipient,4,3
884,22,Non-recipient,0,0
885,22,Non-recipient,5,4
886,27,Non-recipient,9,8
887,21,Recipient,2,2
888,26,Recipient,5,5
889,26,Recipient,1,1
890,29,Recipient,13,13
891,19,Recipient,4,4
892,29,Non-recipient,5,4
893,26,Recipient,6,6
894,19,Non-recipient,5,4
895,26,Recipient,38,38
896,18,Recipient,2,2
897,24,Non-recipient,5,4
898,22,Recipient,5,5
899,19,Non-recipient,6,5
900,18,Non-recipient,11,10
901,30,Non-recipient,1,0
902,22,Non-recipient,1,0
903,22,Non-recipient,4,3
904,28,Recipient,2,2
905,24,Recipient,1,1
906,30,Non-recipient,1,0
907,22,Non-recipient,4,3
908,21,Non-recipient,25,24
909,22,Recipient,1,1
910,28,Recipient,1,1
911,21,Recipient,10,10
912,26,Non-recipient,9,8
913,26,Non-recipient,41,40
914,29,Non-recipient,9,8
915,28,Non-recipient,5,4
916,20,Non-recipient,6,5
917,21,Recipient,15,15
918,18,Recipient,3,3
919,24,Recipient,0,0
920,18,Recipient,2,2
921,30,Non-recipient,1,0
922,29,Non-recipient,8,7
923,23,Recipient,17,17
924,23,Non-recipient,6,5
925,26,Recipient,5,5
926,24,Non-recipient,6,5
927,19,Non-recipient,10,9
928,26,Non-recipient,11,10
929,22,Non-recipient,1,0
930,22,Recipient,1,1
931,22,Non-recipient,1,0
932,30,Non-recipient,1,0
933,18,Recipient,5,5
934,28,Non-recipient,12,11
935,21,Recipient,8,8
936,23,Recipient,2,2
937,28,Recipient,7,7
938,23,Recipient,1,1
939,28,Non-recipient,12,11
940,24,Recipient,3,3
941,30,Non-recipient,2,1
942,19,Recipient,3,3
943,26,Non-recipient,20,19
944,24,Recipient,6,6
945,28,Non-recipient,5,4
946,30,Recipient,3,3
947,21,Recipient,4,4
948,19,Non-recipient,5,4
949,27,Non-recipient,3,2
950,22,Recipient,0,0
951,24,Non-recipient,0,0
952,20,Recipient,4,4
953,19,Non-recipient,0,0
954,26,Recipient,18,18
955,19,Recipient,12,12
956,28,Non-recipient,7,6
957,19,Non-recipient,0,0
958,22,Recipient,2,2
959,24,Non-recipient,5,4
960,22,Non-recipient,4,3
961,27,Non-recipient,9,8
962,20,Recipient,0,0
963,26,Recipient,29,29
964,20,Non-recipient,0,0
965,26,Recipient,1,1
966,24,Recipient,8,8
967,20,Recipient,15,15
968,28,Non-recipient,13,12
969,23,Non-recipient,2,1
970,27,Non-recipient,8,7
971,22,Non-recipient,3,2
972,28,Recipient,2,2
973,27,Recipient,4,4
974,26,Non-recipient,4,3
975,18,Recipient,3,3
976,22,Recipient,3,3
977,26,Non-recipient,3,2
978,21,Recipient,1,1
979,24,Recipient,0,0
980,26,Non-recipient,10,9
981,30,Non-recipient,19,18
982,28,Non-recipient,4,3
983,30,Non-recipient,15,14
984,27,Non-recipient,2,1
985,28,Non-recipient,0,0
986,21,Recipient,12,12
987,22,Non-recipient,10,9
988,27,Non-recipient,3,2
989,26,Recipient,3,3
990,30,Non-recipient,21,20
991,24,Non-recipient,4,3
992,26,Non-recipient,3,2
993,30,Non-recipient,1,0
994,22,Recipient,0,0
995,18,Recipient,0,0
996,22,Recipient,12,12
997,19,Non-recipient,6,5
998,18,Non-recipient,1,0
999,24,Non-recipient,1,0
1000,22,Non-recipient,8,7
1001,24,Recipient,1,1
1002,20,Non-recipient,0,0
1003,24,Recipient,5,5
1004,20,Non-recipient,7,6
1005,22,Non-recipient,0,0
1006,20,Non-recipient,3,2
1007,20,Recipient,6,6
1008,27,Non-recipient,0,0
1009,26,Recipient,6,6
1010,26,Recipient,10,10
1011,30,Non-recipient,48,47
1012,18,Non-recipient,22,21
1013,22,Non-recipient,0,0
1014,19,Non-recipient,9,8
1015,26,Recipient,2,2
1016,27,Non-recipient,5,4
1017,19,Non-recipient,6,5
1018,30,Non-recipient,10,9
1019,28,Non-recipient,4,3
1020,22,Non-recipient,11,10
1021,21,Non-recipient,7,6
1022,22,Non-recipient,1,0
1023,29,Non-recipient,9,8
1024,28,Non-recipient,0,0
1025,24,Non-recipient,0,0
1026,27,Recipient,0,0
1027,28,Recipient,6,6
1028,27,Non-recipient,20,19
1029,26,Non-recipient,8,7
1030,19,Recipient,9,9
1031,19,Non-recipient,5,4
1032,22,Non-recipient,0,0
1033,28,Recipient,12,12
1034,24,Non-recipient,4,3
1035,26,Non-recipient,4,3
1036,30,Recipient,4,4
1037,18,Non-recipient,0,0
1038,27,Non-recipient,7,6
1039,27,Recipient,8,8
1040,27,Non-recipient,1,0
1041,30,Recipient,4,4
1042,22,Recipient,9,9
1043,22,Recipient,3,3
1044,24,Non-recipient,23,22
1045,28,Recipient,5,5
1046,30,Recipient,9,9
1047,28,Recipient,6,6
1048,27,Non-recipient,3,2
1049,29,Non-recipient,1,0
1050,23,Non-recipient,4,3
1051,18,Non-recipient,1,0
1052,21,Non-recipient,6,5
1053,21,Non-recipient,11,10
1054,21,Non-recipient,2,1
1055,21,Non-recipient,1,0
1056,20,Non-recipient,8,7
1057,30,Non-recipient,2,1
1058,24,Recipient,8,8
1059,28,Recipient,0,0
1060,27,Non-recipient,2,1
1061,19,Recipient,0,0
1062,30,Recipient,3,3
1063,26,Recipient,13,13
1064,24,Non-recipient,7,6
1065,18,Non-recipient,6,5
1066,27,Recipient,0,0
1067,22,Recipient,6,6
1068,19,Non-recipient,5,4
1069,26,Recipient,5,5
1070,24,Non-recipient,11,10
1071,24,Recipient,24,24
1072,20,Recipient,12,12
1073,20,Non-recipient,6,5
1074,22,Non-recipient,9,8
1075,18,Recipient,1,1
1076,20,Non-recipient,3,2
1077,27,Recipient,1,1
1078,20,Non-recipient,10,9
1079,29,Recipient,30,30
1080,29,Recipient,12,12
1081,22,Recipient,3,3
1082,18,Non-recipient,0,0
1083,30,Non-recipient,2,1
1084,22,Recipient,1,1
1085,21,Recipient,3,3
1086,26,Non-recipient,1,0
1087,30,Recipient,17,17
1088,30,Recipient,1,1
1089,24,Recipient,1,1
1090,21,Recipient,4,4
1091,24,Non-recipient,11,10
1092,26,Recipient,5,5
1093,18,Non-recipient,6,5
1094,18,Non-recipient,2,1
1095,29,Non-recipient,2,1
1096,27,Non-recipient,4,3
1097,29,Non-recipient,5,4
1098,30,Non-recipient,18,17
1099,20,Non-recipient,0,0
1100,27,Non-recipient,5,4
1101,21,Recipient,10,10
1102,27,Non-recipient,2,1
1103,28,Non-recipient,4,3
1104,18,Non-recipient,1,0
1105,18,Non-recipient,1,0
1106,19,Non-recipient,0,0
1107,30,Non-recipient,5,4
1108,29,Recipient,0,0
1109,24,Non-recipient,9,8
1110,30,Non-recipient,11,10
1111,26,Recipient,4,4
1112,23,Recipient,18,18
1113,26,Non-recipient,6,5
1114,21,Recipient,4,4
1115,30,Non-recipient,0,0
1116,30,Non-recipient,11,10
1117,24,Non-recipient,38,37
1118,30,Non-recipient,4,3
1119,22,Non-recipient,1,0
1120,30,Non-recipient,7,6
1121,21,Recipient,5,5
1122,22,Non-recipient,7,6
1123,18,Non-recipient,4,3
1124,18,Recipient,5,5
1125,28,Non-recipient,9,8
1126,19,Non-recipient,1,0
1127,22,Recipient,28,28
1128,24,Recipient,8,8
1129,30,Recipient,4,4
1130,30,Non-recipient,18,17
1131,30,Recipient,0,0
1132,27,Recipient,1,1
1133,24,Recipient,8,8
1134,22,Non-recipient,7,6
1135,21,Recipient,13,13
1136,21,Non-recipient,2,1
1137,26,Non-recipient,14,13
1138,26,Non-recipient,0,0
1139,30,Non-recipient,8,7
1140,26,Non-recipient,6,5
1141,28,Recipient,0,0
1142,27,Recipient,6,6
1143,24,Recipient,2,2
1144,22,Recipient,4,4
1145,29,Non-recipient,1,0
1146,23,Recipient,5,5
1147,29,Recipient,1,1
1148,24,Non-recipient,25,24
1149,18,Recipient,4,4
1150,21,Non-recipient,7,6
1151,23,Recipient,4,4
1152,22,Non-recipient,5,4
1153,27,Recipient,6,6
1154,28,Non-recipient,1,0
1155,20,Recipient,1,1
1156,22,Recipient,9,9
1157,22,Recipient,11,11
1158,22,Recipient,9,9
1159,20,Non-recipient,1,0
1160,26,Recipient,3,3
1161,27,Recipient,3,3
1162,19,Recipient,20,20
1163,24,Non-recipient,6,5
1164,18,Non-recipient,8,7
1165,24,Recipient,1,1
1166,22,Non-recipient,0,0
1167,24,Recipient,12,12
1168,26,Non-recipient,7,6
1169,27,Non-recipient,6,5
1170,21,Recipient,6,6
1171,29,Non-recipient,3,2
1172,26,Non-recipient,24,23
1173,18,Non-recipient,8,7
1174,27,Non-recipient,1,0
1175,23,Non-recipient,2,1
1176,29,Recipient,4,4
1177,27,Non-recipient,2,1
1178,29,Recipient,5,5
1179,24,Recipient,5,5
1180,20,Non-recipient,15,14
1181,24,Recipient,6,6
1182,18,Recipient,4,4
1183,19,Non-recipient,5,4
1184,28,Non-recipient,2,1
1185,28,Recipient,2,2
1186,19,Recipient,1,1
1187,28,Recipient,7,7
1188,27,Non-recipient,2,1
1189,18,Recipient,5,5
1190,22,Non-recipient,4,3
1191,22,Non-recipient,8,7
1192,23,Non-recipient,12,11
1193,21,Non-recipient,7,6
1194,18,Non-recipient,10,9
1195,24,Non-recipient,9,8
1196,19,Recipient,8,8
1197,22,Recipient,0,0
1198,22,Non-recipient,0,0
1199,29,Non-recipient,5,4
1200,19,Recipient,2,2
1201,18,Non-recipient,2,1
1202,19,Non-recipient,4,3
1203,18,Non-recipient,2,1
1204,21,Recipient,4,4
1205,19,Non-recipient,0,0
1206,27,Recipient,4,4
1207,21,Recipient,14,14
1208,20,Non-recipient,0,0
1209,26,Non-recipient,18,17
1210,27,Non-recipient,6,5
1211,30,Non-recipient,10,9
1212,20,Non-recipient,1,0
1213,28,Recipient,30,30
1214,19,Non-recipient,9,8
1215,22,Non-recipient,3,2
1216,30,Non-recipient,2,1
1217,21,Recipient,3,3
1218,22,Recipient,9,9
1219,18,Non-recipient,3,2
1220,27,Non-recipient,18,17
1221,19,Recipient,1,1
1222,19,Non-recipient,3,2
1223,30,Recipient,22,22
1224,21,Recipient,7,7
1225,27,Non-recipient,21,20
1226,24,Non-recipient,2,1
1227,20,Recipient,32,32
1228,29,Recipient,2,2
1229,30,Non-recipient,13,12
1230,28,Recipient,0,0
1231,22,Recipient,1,1
1232,18,Recipient,4,4
1233,26,Recipient,13,13
1234,24,Non-recipient,6,5
1235,24,Recipient,6,6
1236,24,Non-recipient,20,19
1237,30,Non-recipient,7,6
1238,18,Non-recipient,10,9
1239,30,Non-recipient,14,13
1240,29,Non-recipient,1,0
1241,19,Recipient,7,7
1242,27,Recipient,1,1
1243,27,Recipient,3,3
1244,22,Non-recipient,9,8
1245,19,Non-recipient,7,6
1246,28,Recipient,8,8
1247,18,Non-recipient,3,2
1248,18,Recipient,13,13
1249,24,Non-recipient,7,6
1250,19,Non-recipient,3,2
1251,20,Non-recipient,1,0
1252,18,Recipient,12,12
1253,21,Recipient,7,7
1254,18,Non-recipient,7,6
1255,30,Recipient,1,1
1256,22,Recipient,14,14
1257,28,Non-recipient,1,0
1258,27,Non-recipient,7,6
1259,23,Non-recipient,1,0
1260,21,Non-recipient,9,8
1261,20,Recipient,14,14
1262,26,Recipient,5,5
1263,20,Recipient,9,9
1264,20,Non-recipient,8,7
1265,18,Non-recipient,10,9
1266,30,Recipient,5,5
1267,22,Recipient,1,1
1268,22,Recipient,1,1
1269,27,Recipient,1,1
1270,29,Recipient,16,16
1271,25,Recipient,2,2
1272,29,Non-recipient,10,9
1273,18,Non-recipient,6,5
1274,18,Recipient,0,0
1275,22,Non-recipient,2,1
1276,29,Non-recipient,4,3
1277,29,Non-recipient,7,6
1278,24,Recipient,10,10
1279,22,Recipient,5,5
1280,18,Recipient,4,4
1281,30,Non-recipient,2,1
1282,29,Recipient,3,3
1283,18,Recipient,8,8
1284,21,Recipient,36,36
1285,30,Recipient,17,17
1286,19,Non-recipient,8,7
1287,18,Recipient,9,9
1288,29,Recipient,1,1
1289,20,Non-recipient,12,11
1290,27,Non-recipient,0,0
1291,27,Recipient,11,11
1292,27,Non-recipient,12,11
1293,26,Non-recipient,4,3
1294,24,Recipient,4,4
1295,20,Recipient,6,6
1296,24,Recipient,2,2
1297,29,Non-recipient,5,4
1298,28,Non-recipient,13,12
1299,22,Non-recipient,1,0
1300,25,Non-recipient,23,22
1301,26,Non-recipient,2,1
1302,24,Recipient,38,38
1303,29,Non-recipient,5,4
1304,20,Recipient,1,1
1305,18,Non-recipient,8,7
1306,26,Recipient,1,1
1307,19,Recipient,3,3
1308,28,Recipient,9,9
1309,30,Recipient,2,2
1310,20,Non-recipient,1,0
1311,24,Non-recipient,12,11
1312,29,Non-recipient,9,8
1313,22,Recipient,2,2
1314,22,Non-recipient,4,3
1315,22,Non-recipient,10,9
1316,28,Recipient,2,2
1317,30,Recipient,1,1
1318,18,Recipient,3,3
1319,30,Non-recipient,1,0
1320,26,Recipient,5,5
1321,26,Non-recipient,1,0
1322,27,Recipient,5,5
1323,29,Non-recipient,3,2
1324,22,Recipient,4,4
1325,29,Recipient,0,0
1326,26,Recipient,4,4
1327,28,Non-recipient,0,0
1328,30,Recipient,2,2
1329,24,Recipient,1,1
1330,21,Recipient,26,26
1331,28,Non-recipient,3,2
1332,30,Recipient,0,0
1333,22,Non-recipient,5,4
1334,18,Non-recipient,13,12
1335,19,Recipient,6,6
1336,24,Non-recipient,3,2
1337,22,Recipient,20,20
1338,26,Non-recipient,7,6
1339,28,Non-recipient,0,0
1340,20,Non-recipient,15,14
1341,22,Recipient,2,2
1342,30,Non-recipient,4,3
1343,18,Recipient,0,0
1344,24,Recipient,23,23
1345,30,Non-recipient,4,3
1346,18,Non-recipient,1,0
1347,22,Recipient,9,9
1348,22,Non-recipient,5,4
1349,22,Non-recipient,6,5
1350,18,Non-recipient,0,0
1351,29,Recipient,3,3
1352,18,Non-recipient,2,1
1353,26,Non-recipient,4,3
1354,26,Non-recipient,5,4
1355,20,Recipient,1,1
1356,25,Recipient,0,0
1357,29,Non-recipient,1,0
1358,18,Recipient,1,1
1359,22,Recipient,5,5
1360,28,Non-recipient,0,0
1361,27,Recipient,16,16
1362,24,Recipient,1,1
1363,20,Recipient,3,3
1364,19,Non-recipient,1,0
1365,24,Non-recipient,4,3
1366,20,Recipient,19,19
1367,28,Recipient,6,6
1368,19,Non-recipient,6,5
1369,20,Non-recipient,0,0
1370,29,Non-recipient,10,9
1371,27,Non-recipient,2,1
1372,19,Recipient,5,5
1373,19,Recipient,2,2
1374,22,Recipient,5,5
1375,27,Recipient,11,11
1376,19,Non-recipient,7,6
1377,28,Non-recipient,4,3
1378,19,Recipient,11,11
1379,27,Recipient,15,15
1380,22,Non-recipient,4,3
1381,18,Non-recipient,5,4
1382,30,Recipient,2,2
1383,18,Non-recipient,6,5
1384,24,Recipient,0,0
1385,19,Recipient,0,0
1386,18,Recipient,8,8
1387,24,Non-recipient,1,0
1388,30,Recipient,1,1
1389,20,Recipient,5,5
1390,27,Recipient,5,5
1391,26,Recipient,5,5
1392,24,Recipient,3,3
1393,30,Recipient,2,2
1394,27,Non-recipient,3,2
1395,22,Recipient,11,11
1396,30,Non-recipient,0,0
1397,29,Recipient,14,14
1398,30,Non-recipient,11,10
1399,23,Non-recipient,14,13
1400,29,Non-recipient,20,19
1401,30,Recipient,17,17
1402,29,Recipient,10,10
1403,29,Non-recipient,2,1
1404,19,Non-recipient,10,9
1405,30,Recipient,14,14
1406,20,Non-recipient,8,7
1407,20,Recipient,1,1
1408,22,Non-recipient,4,3
1409,20,Non-recipient,10,9
1410,22,Non-recipient,13,12
1411,20,Recipient,5,5
1412,19,Recipient,8,8
1413,18,Recipient,10,10
1414,24,Recipient,5,5
1415,21,Non-recipient,9,8
1416,19,Non-recipient,21,20
1417,21,Recipient,12,12
1418,26,Recipient,2,2
1419,30,Non-recipient,10,9
1420,26,Non-recipient,9,8
1421,22,Recipient,3,3
1422,26,Recipient,1,1
1423,19,Non-recipient,12,11
1424,30,Recipient,3,3
1425,22,Non-recipient,1,0
1426,18,Recipient,1,1
1427,18,Non-recipient,2,1
1428,26,Non-recipient,1,0
1429,30,Non-recipient,2,1
1430,21,Recipient,1,1
1431,30,Non-recipient,1,0
1432,19,Non-recipient,11,10
1433,24,Recipient,12,12
1434,20,Recipient,3,3
1435,30,Recipient,1,1
1436,21,Recipient,4,4
1437,30,Non-recipient,4,3
1438,27,Recipient,5,5
1439,27,Non-recipient,5,4
1440,30,Non-recipient,2,1
1441,23,Recipient,14,14
1442,22,Non-recipient,0,0
1443,18,Non-recipient,2,1
1444,18,Non-recipient,10,9
1445,26,Non-recipient,4,3
1446,18,Non-recipient,44,43
1447,26,Recipient,8,8
1448,27,Recipient,2,2
1449,24,Recipient,3,3
1450,22,Non-recipient,22,21
1451,22,Recipient,2,2
1452,21,Non-recipient,22,21
1453,28,Recipient,7,7
1454,28,Recipient,0,0
1455,19,Recipient,17,17
1456,28,Non-recipient,7,6
1457,19,Non-recipient,10,9
1458,19,Non-recipient,3,2
1459,22,Recipient,2,2
1460,19,Recipient,2,2
1461,20,Recipient,5,5
1462,24,Non-recipient,1,0
1463,27,Recipient,15,15
1464,29,Recipient,10,10
1465,26,Non-recipient,5,4
1466,18,Non-recipient,14,13
1467,24,Recipient,17,17
1468,19,Recipient,1,1
1469,18,Non-recipient,10,9
1470,28,Non-recipient,7,6
1471,22,Non-recipient,10,9
1472,18,Non-recipient,1,0
1473,18,Non-recipient,11,10
1474,20,Recipient,6,6
1475,19,Recipient,14,14
1476,27,Recipient,2,2
1477,27,Non-recipient,5,4
1478,24,Non-recipient,4,3
1479,26,Recipient,3,3
1480,19,Recipient,5,5
1481,18,Non-recipient,13,12
1482,24,Recipient,5,5
1483,27,Recipient,4,4
1484,24,Non-recipient,2,1
1485,30,Recipient,4,4
1486,24,Non-recipient,16,15
1487,27,Recipient,0,0
1488,21,Recipient,13,13
1489,26,Recipient,7,7
1490,19,Recipient,9,9
1491,22,Non-recipient,1,0
1492,19,Recipient,4,4
1493,18,Non-recipient,0,0
1494,30,Recipient,9,9
1495,24,Recipient,2,2
1496,28,Non-recipient,1,0
1497,30,Recipient,0,0
1498,29,Non-recipient,7,6
1499,26,Non-recipient,11,10
1500,30,Recipient,10,10
1501,19,Non-recipient,19,18
1502,26,Recipient,12,12
1503,30,Non-recipient,10,9
1504,20,Recipient,1,1
1505,22,Non-recipient,7,6
1506,30,Non-recipient,9,8
1507,20,Recipient,2,2
1508,27,Non-recipient,3,2
1509,27,Non-recipient,1,0
1510,30,Recipient,0,0
1511,25,Non-recipient,13,12
1512,19,Non-recipient,7,6
1513,27,Non-recipient,6,5
1514,30,Non-recipient,10,9
1515,30,Recipient,4,4
1516,22,Recipient,11,11
1517,20,Non-recipient,17,16
1518,24,Non-recipient,12,11
1519,19,Recipient,3,3
1520,30,Non-recipient,15,14
1521,20,Non-recipient,2,1
1522,28,Recipient,14,14
1523,20,Recipient,7,7
1524,26,Non-recipient,17,16
1525,18,Non-recipient,2,1
1526,18,Recipient,1,1
1527,20,Non-recipient,7,6
1528,18,Non-recipient,3,2
1529,18,Non-recipient,3,2
1530,28,Recipient,12,12
1531,22,Recipient,8,8
1532,24,Non-recipient,9,8
1533,22,Recipient,0,0
1534,24,Recipient,7,7
1535,24,Non-recipient,2,1
1536,30,Non-recipient,17,16
1537,25,Recipient,11,11
1538,26,Non-recipient,5,4
1539,18,Non-recipient,0,0
1540,30,Non-recipient,0,0
1541,30,Non-recipient,3,2
1542,24,Recipient,15,15
1543,30,Non-recipient,2,1
1544,30,Non-recipient,0,0
1545,22,Non-recipient,7,6
1546,27,Recipient,12,12
1547,22,Recipient,1,1
1548,29,Recipient,11,11
1549,26,Non-recipient,13,12
1550,18,Recipient,0,0
1551,23,Recipient,1,1
1552,18,Non-recipient,1,0
1553,28,Non-recipient,0,0
1554,20,Recipient,7,7
1555,20,Recipient,8,8
1556,20,Recipient,1,1
1557,19,Recipient,9,9
1558,19,Recipient,5,5
1559,26,Non-recipient,11,10
1560,28,Non-recipient,20,19
1561,26,Non-recipient,10,9
1562,24,Recipient,10,10
1563,22,Recipient,6,6
1564,20,Non-recipient,5,4
1565,22,Recipient,19,19
1566,30,Non-recipient,20,19
1567,30,Non-recipient,1,0
1568,20,Non-recipient,15,14
1569,28,Recipient,2,2
1570,27,Non-recipient,6,5
1571,30,Non-recipient,15,14
1572,21,Recipient,5,5
1573,24,Recipient,17,17
1574,26,Recipient,2,2
1575,24,Non-recipient,19,18
1576,22,Recipient,4,4
1577,22,Recipient,3,3
1578,18,Non-recipient,7,6
1579,29,Non-recipient,6,5
1580,28,Non-recipient,0,0
1581,27,Non-recipient,6,5
1582,28,Recipient,13,13
1583,22,Recipient,24,24
1584,22,Non-recipient,2,1
1585,26,Non-recipient,4,3
1586,26,Non-recipient,7,6
1587,20,Recipient,3,3
1588,24,Non-recipient,2,1
1589,27,Recipient,1,1
1590,22,Recipient,1,1
1591,30,Recipient,13,13
1592,30,Recipient,12,12
1593,29,Recipient,0,0
1594,27,Non-recipient,0,0
1595,19,Recipient,4,4
1596,26,Recipient,2,2
1597,18,Recipient,4,4
1598,22,Recipient,7,7
1599,22,Recipient,30,30
1600,29,Non-recipient,11,10
1601,19,Recipient,8,8
1602,21,Recipient,0,0
1603,18,Non-recipient,2,1
1604,19,Non-recipient,6,5
1605,29,Non-recipient,2,1
1606,19,Recipient,8,8
1607,28,Non-recipient,1,0
1608,26,Recipient,9,9
1609,27,Recipient,13,13
1610,27,Non-recipient,11,10
1611,26,Non-recipient,0,0
1612,18,Recipient,1,1
1613,22,Non-recipient,0,0
1614,26,Non-recipient,12,11
1615,29,Non-recipient,10,9
1616,26,Recipient,4,4
1617,24,Recipient,8,8
1618,27,Non-recipient,5,4
1619,26,Non-recipient,16,15
1620,18,Recipient,5,5
1621,24,Non-recipient,3,2
1622,27,Non-recipient,11,10
1623,30,Recipient,10,10
1624,19,Recipient,4,4
1625,27,Non-recipient,5,4
1626,25,Recipient,4,4
1627,22,Non-recipient,12,11
1628,21,Recipient,8,8
1629,19,Non-recipient,21,20
1630,19,Recipient,7,7
1631,25,Non-recipient,7,6
1632,24,Recipient,19,19
1633,24,Recipient,0,0
1634,30,Recipient,11,11
1635,18,Recipient,3,3
1636,27,Non-recipient,2,1
1637,26,Recipient,0,0
1638,24,Recipient,12,12
1639,19,Recipient,3,3
1640,21,Recipient,0,0
1641,28,Non-recipient,0,0
1642,24,Recipient,2,2
1643,28,Recipient,0,0
1644,18,Recipient,2,2
1645,19,Recipient,6,6
1646,30,Non-recipient,14,13
1647,27,Non-recipient,14,13
1648,20,Non-recipient,7,6
1649,19,Non-recipient,6,5
1650,30,Recipient,1,1
1651,19,Non-recipient,0,0
1652,20,Non-recipient,5,4
1653,29,Recipient,7,7
1654,29,Recipient,11,11
1655,24,Non-recipient,3,2
1656,19,Non-recipient,18,17
1657,20,Recipient,9,9
1658,18,Non-recipient,14,13
1659,24,Recipient,0,0
1660,28,Non-recipient,2,1
1661,26,Non-recipient,11,10
1662,28,Recipient,3,3
1663,22,Non-recipient,4,3
1664,30,Recipient,1,1
1665,20,Non-recipient,17,16
1666,22,Recipient,3,3
1667,18,Recipient,9,9
1668,27,Recipient,5,5
1669,20,Non-recipient,3,2
1670,24,Recipient,0,0
1671,20,Recipient,5,5
1672,26,Non-recipient,7,6
1673,22,Recipient,8,8
1674,30,Recipient,5,5
1675,22,Recipient,3,3
1676,26,Recipient,15,15
1677,21,Non-recipient,6,5
1678,20,Non-recipient,15,14
1679,20,Recipient,2,2
1680,18,Non-recipient,4,3
1681,29,Recipient,3,3
1682,30,Non-recipient,10,9
1683,26,Non-recipient,12,11
1684,23,Non-recipient,6,5
1685,28,Recipient,3,3
1686,19,Recipient,21,21
1687,20,Recipient,1,1
1688,26,Recipient,10,10
1689,26,Non-recipient,2,1
1690,20,Recipient,6,6
1691,22,Non-recipient,35,34
1692,19,Recipient,1,1
1693,24,Recipient,4,4
1694,25,Non-recipient,2,1
1695,30,Recipient,6,6
1696,22,Non-recipient,10,9
1697,18,Non-recipient,2,1
1698,29,Recipient,1,1
1699,20,Non-recipient,11,10
1700,30,Recipient,9,9
1701,24,Recipient,12,12
1702,26,Recipient,1,1
1703,27,Recipient,1,1
1704,19,Recipient,0,0
1705,26,Recipient,8,8
1706,22,Non-recipient,21,20
1707,20,Recipient,0,0
1708,28,Recipient,37,37
1709,22,Non-recipient,12,11
1710,30,Recipient,8,8
1711,26,Recipient,0,0
1712,19,Recipient,9,9
1713,28,Non-recipient,2,1
1714,22,Non-recipient,8,7
1715,22,Non-recipient,1,0
1716,22,Recipient,4,4
1717,29,Recipient,3,3
1718,30,Non-recipient,13,12
1719,28,Non-recipient,12,11
1720,24,Recipient,4,4
1721,24,Non-recipient,3,2
1722,24,Non-recipient,11,10
1723,24,Non-recipient,7,6
1724,19,Non-recipient,0,0
1725,24,Non-recipient,0,0
1726,19,Non-recipient,19,18
1727,30,Recipient,0,0
1728,21,Non-recipient,0,0
1729,18,Non-recipient,2,1
1730,27,Recipient,4,4
1731,22,Recipient,13,13
1732,26,Recipient,16,16
1733,26,Non-recipient,16,15
1734,24,Non-recipient,8,7
1735,19,Recipient,9,9
1736,18,Non-recipient,3,2
1737,26,Recipient,8,8
1738,28,Non-recipient,36,35
1739,30,Non-recipient,14,13
1740,22,Non-recipient,53,52
1741,18,Non-recipient,7,6
1742,26,Recipient,8,8
1743,24,Recipient,4,4
1744,24,Non-recipient,0,0
1745,23,Non-recipient,1,0
1746,24,Recipient,20,20
1747,21,Non-recipient,1,0
1748,21,Non-recipient,4,3
1749,30,Non-recipient,3,2
1750,18,Recipient,25,25
1751,30,Non-recipient,9,8
1752,30,Recipient,5,5
1753,19,Non-recipient,6,5
1754,26,Non-recipient,7,6
1755,30,Non-recipient,8,7
1756,30,Recipient,1,1
1757,21,Recipient,0,0
1758,21,Non-recipient,2,1
1759,27,Non-recipient,6,5
1760,28,Recipient,5,5
1761,19,Non-recipient,0,0
1762,22,Non-recipient,7,6
1763,28,Non-recipient,0,0
1764,29,Recipient,0,0
1765,19,Recipient,12,12
1766,30,Recipient,2,2
1767,24,Non-recipient,1,0
1768,24,Recipient,7,7
1769,18,Non-recipient,3,2
1770,30,Recipient,12,12
1771,24,Non-recipient,6,5
1772,26,Recipient,11,11
1773,27,Recipient,1,1
1774,30,Recipient,5,5
1775,27,Non-recipient,30,29
1776,21,Recipient,4,4
1777,18,Non-recipient,5,4
1778,27,Recipient,2,2
1779,21,Recipient,3,3
1780,18,Non-recipient,6,5
1781,21,Recipient,0,0
1782,20,Recipient,0,0
1783,30,Recipient,0,0
1784,24,Recipient,4,4
1785,29,Non-recipient,8,7
1786,26,Non-recipient,2,1
1787,26,Recipient,3,3
1788,30,Non-recipient,4,3
1789,20,Recipient,4,4
1790,19,Non-recipient,18,17
1791,26,Non-recipient,3,2
1792,21,Recipient,1,1
1793,18,Non-recipient,1,0
1794,27,Non-recipient,0,0
1795,18,Recipient,1,1
1796,24,Non-recipient,6,5
1797,27,Non-recipient,4,3
1798,30,Recipient,10,10
1799,26,Non-recipient,11,10
1800,19,Recipient,0,0
1801,18,Recipient,4,4
1802,27,Recipient,2,2
1803,18,Non-recipient,4,3
1804,30,Recipient,12,12
1805,26,Recipient,6,6
1806,22,Recipient,31,31
1807,28,Non-recipient,10,9
1808,26,Recipient,3,3
1809,30,Recipient,9,9
1810,19,Recipient,4,4
1811,19,Recipient,4,4
1812,20,Non-recipient,11,10
1813,27,Recipient,0,0
1814,22,Non-recipient,6,5
1815,26,Non-recipient,8,7
1816,24,Non-recipient,8,7
1817,22,Non-recipient,19,18
1818,19,Recipient,5,5
1819,24,Non-recipient,1,0
1820,27,Non-recipient,6,5
1821,22,Non-recipient,4,3
1822,18,Recipient,0,0
1823,23,Recipient,2,2
1824,19,Recipient,2,2
1825,24,Non-recipient,9,8
1826,22,Non-recipient,6,5
1827,26,Recipient,7,7
1828,26,Non-recipient,3,2
1829,22,Non-recipient,5,4
1830,29,Recipient,16,16
1831,30,Recipient,14,14
1832,28,Recipient,4,4
1833,27,Non-recipient,1,0
1834,25,Non-recipient,13,12
1835,24,Non-recipient,3,2
1836,20,Recipient,2,2
1837,29,Non-recipient,1,0
1838,20,Recipient,3,3
1839,26,Non-recipient,9,8
1840,20,Recipient,12,12
1841,26,Non-recipient,2,1
1842,18,Recipient,3,3
1843,19,Non-recipient,30,29
1844,18,Recipient,5,5
1845,24,Recipient,0,0
1846,23,Non-recipient,13,12
1847,28,Recipient,4,4
1848,26,Recipient,9,9
1849,27,Non-recipient,0,0
1850,30,Non-recipient,5,4
1851,19,Non-recipient,1,0
1852,28,Recipient,9,9
1853,22,Non-recipient,4,3
1854,24,Recipient,7,7
1855,26,Non-recipient,12,11
1856,18,Non-recipient,4,3
1857,19,Recipient,1,1
1858,26,Recipient,1,1
1859,26,Recipient,0,0
1860,30,Recipient,30,30
1861,22,Recipient,16,16
1862,30,Recipient,5,5
1863,22,Recipient,16,16
1864,23,Recipient,2,2
1865,19,Non-recipient,10,9
1866,28,Recipient,4,4
1867,30,Recipient,2,2
1868,18,Non-recipient,9,8
1869,26,Non-recipient,4,3
1870,26,Non-recipient,5,4
1871,23,Recipient,0,0
1872,24,Non-recipient,4,3
1873,29,Non-recipient,13,12
1874,20,Recipient,14,14
1875,18,Non-recipient,17,16
1876,20,Recipient,2,2
1877,26,Non-recipient,0,0
1878,24,Non-recipient,10,9
1879,27,Recipient,5,5
1880,19,Non-recipient,2,1
1881,24,Recipient,3,3
1882,18,Recipient,1,1
1883,28,Non-recipient,1,0
1884,24,Non-recipient,2,1
1885,24,Non-recipient,2,1
1886,30,Non-recipient,3,2
1887,22,Non-recipient,9,8
1888,27,Recipient,13,13
1889,20,Recipient,6,6
1890,29,Non-recipient,2,1
1891,26,Recipient,6,6
1892,30,Recipient,16,16
1893,24,Non-recipient,2,1
1894,21,Recipient,7,7
1895,20,Non-recipient,4,3
1896,27,Recipient,0,0
1897,24,Non-recipient,2,1
1898,22,Recipient,3,3
1899,25,Non-recipient,5,4
1900,19,Non-recipient,5,4
1901,28,Non-recipient,4,3
1902,22,Non-recipient,2,1
1903,29,Recipient,8,8
1904,28,Non-recipient,5,4
1905,22,Non-recipient,8,7
1906,18,Non-recipient,5,4
1907,29,Recipient,7,7
1908,22,Recipient,2,2
1909,26,Non-recipient,1,0
1910,30,Recipient,6,6
1911,22,Recipient,6,6
1912,18,Recipient,12,12
1913,26,Non-recipient,2,1
1914,22,Non-recipient,0,0
1915,30,Non-recipient,0,0
1916,21,Recipient,1,1
1917,23,Non-recipient,7,6
1918,19,Non-recipient,11,10
1919,29,Recipient,19,19
1920,26,Non-recipient,3,2
1921,18,Recipient,4,4
1922,20,Non-recipient,2,1
1923,28,Non-recipient,0,0
1924,30,Recipient,0,0
1925,19,Non-recipient,1,0
1926,29,Recipient,1,1
1927,27,Non-recipient,7,6
1928,30,Recipient,4,4
1929,20,Non-recipient,0,0
1930,25,Non-recipient,6,5
1931,22,Recipient,2,2
1932,20,Non-recipient,43,42
1933,21,Non-recipient,1,0
1934,18,Recipient,6,6
1935,30,Non-recipient,12,11
1936,24,Non-recipient,13,12
1937,18,Non-recipient,12,11
1938,28,Non-recipient,2,1
1939,22,Recipient,13,13
1940,30,Non-recipient,22,21
1941,26,Recipient,1,1
1942,29,Recipient,15,15
1943,21,Recipient,9,9
1944,22,Non-recipient,2,1
1945,29,Recipient,0,0
1946,19,Non-recipient,7,6
1947,30,Recipient,0,0
1948,21,Recipient,0,0
1949,20,Non-recipient,7,6
1950,20,Recipient,5,5
1951,18,Recipient,19,19
1952,24,Recipient,3,3
1953,22,Non-recipient,6,5
1954,28,Non-recipient,7,6
1955,23,Non-recipient,5,4
1956,18,Non-recipient,17,16
1957,20,Non-recipient,9,8
1958,28,Recipient,3,3
1959,22,Recipient,3,3
1960,28,Recipient,2,2
1961,23,Non-recipient,8,7
1962,22,Recipient,0,0
1963,26,Non-recipient,7,6
1964,22,Recipient,4,4
1965,24,Recipient,10,10
1966,27,Non-recipient,6,5
1967,20,Recipient,9,9
1968,26,Non-recipient,1,0
1969,28,Recipient,2,2
1970,22,Non-recipient,24,23
1971,24,Recipient,9,9
1972,22,Non-recipient,1,0
1973,19,Non-recipient,3,2
1974,29,Non-recipient,6,5
1975,27,Non-recipient,2,1
1976,20,Non-recipient,20,19
1977,18,Recipient,18,18
1978,21,Non-recipient,5,4
1979,23,Recipient,24,24
1980,26,Non-recipient,7,6
1981,30,Non-recipient,5,4
1982,19,Recipient,4,4
1983,20,Recipient,13,13
1984,20,Non-recipient,1,0
1985,27,Non-recipient,21,20
1986,22,Recipient,7,7
1987,27,Recipient,1,1
1988,27,Non-recipient,0,0
1989,29,Recipient,5,5
1990,28,Recipient,0,0
1991,18,Recipient,11,11
1992,26,Non-recipient,2,1
1993,21,Non-recipient,1,0
1994,19,Non-recipient,7,6
1995,30,Non-recipient,0,0
1996,20,Recipient,35,35
1997,29,Recipient,14,14
1998,26,Non-recipient,8,7
1999,27,Recipient,5,5
2000,18,Recipient,2,2
2001,18,Recipient,0,0
2002,27,Non-recipient,0,0
2003,21,Recipient,1,1
2004,30,Non-recipient,0,0
2005,20,Recipient,2,2
2006,30,Recipient,0,0
2007,26,Non-recipient,21,20
2008,21,Non-recipient,2,1
2009,28,Non-recipient,2,1
2010,19,Recipient,15,15
2011,28,Non-recipient,12,11
2012,19,Recipient,4,4
2013,18,Recipient,9,9
2014,26,Recipient,8,8
2015,19,Recipient,0,0
2016,24,Non-recipient,10,9
2017,26,Recipient,2,2
2018,24,Recipient,2,2
2019,27,Non-recipient,22,21
2020,24,Recipient,2,2
2021,19,Recipient,7,7
2022,18,Non-recipient,4,3
2023,20,Non-recipient,18,17
2024,22,Non-recipient,5,4
2025,19,Non-recipient,5,4
2026,26,Recipient,18,18
2027,21,Recipient,12,12
2028,18,Recipient,20,20
2029,21,Non-recipient,2,1
2030,30,Recipient,5,5
2031,26,Recipient,0,0
2032,26,Non-recipient,3,2
2033,21,Recipient,3,3
2034,18,Non-recipient,18,17
2035,18,Non-recipient,10,9
2036,27,Recipient,0,0
2037,24,Recipient,2,2
2038,25,Non-recipient,20,19
2039,18,Non-recipient,19,18
2040,22,Recipient,8,8
2041,26,Recipient,2,2
2042,18,Non-recipient,3,2
2043,29,Non-recipient,6,5
2044,28,Recipient,6,6
2045,27,Non-recipient,2,1
2046,26,Recipient,14,14
2047,19,Non-recipient,3,2
2048,19,Non-recipient,3,2
2049,29,Recipient,3,3
2050,23,Recipient,0,0
2051,20,Non-recipient,3,2
2052,26,Recipient,7,7
2053,24,Non-recipient,23,22
2054,24,Recipient,1,1
2055,18,Non-recipient,11,10
2056,24,Non-recipient,5,4
2057,26,Non-recipient,2,1
2058,27,Recipient,11,11
2059,29,Recipient,10,10
2060,26,Recipient,2,2
2061,18,Non-recipient,9,8
2062,29,Recipient,0,0
2063,27,Non-recipient,0,0
2064,27,Recipient,1,1
2065,27,Non-recipient,2,1
2066,20,Non-recipient,12,11
2067,19,Recipient,0,0
2068,30,Recipient,8,8
2069,22,Non-recipient,3,2
2070,19,Recipient,10,10
2071,20,Non-recipient,0,0
2072,28,Non-recipient,4,3
2073,22,Non-recipient,10,9
2074,24,Non-recipient,3,2
2075,19,Recipient,14,14
2076,18,Non-recipient,18,17
2077,24,Recipient,5,5
2078,22,Non-recipient,11,10
2079,30,Recipient,3,3
2080,20,Recipient,2,2
2081,21,Recipient,12,12
2082,18,Recipient,18,18
2083,21,Non-recipient,1,0
2084,24,Non-recipient,10,9
2085,21,Recipient,4,4
2086,27,Recipient,1,1
2087,21,Recipient,5,5
2088,26,Recipient,1,1
2089,19,Non-recipient,8,7
2090,19,Recipient,23,23
2091,22,Non-recipient,11,10
2092,22,Non-recipient,13,12
2093,19,Recipient,0,0
2094,26,Non-recipient,5,4
2095,23,Recipient,18,18
2096,24,Recipient,3,3
2097,21,Recipient,21,21
2098,19,Recipient,1,1
2099,29,Recipient,6,6
2100,30,Non-recipient,7,6
2101,26,Non-recipient,14,13
2102,30,Recipient,7,7
2103,20,Non-recipient,29,28
2104,29,Recipient,11,11
2105,28,Non-recipient,30,29
2106,18,Non-recipient,0,0
2107,27,Non-recipient,10,9
2108,28,Non-recipient,12,11
2109,24,Recipient,0,0
2110,27,Non-recipient,19,18
2111,19,Non-recipient,2,1
2112,22,Non-recipient,14,13
2113,18,Recipient,5,5
2114,18,Recipient,17,17
2115,21,Non-recipient,4,3
2116,24,Non-recipient,2,1
2117,19,Recipient,1,1
2118,26,Recipient,14,14
2119,26,Non-recipient,0,0
2120,22,Recipient,10,10
2121,24,Non-recipient,7,6
2122,22,Recipient,2,2
2123,28,Non-recipient,3,2
2124,27,Non-recipient,3,2
2125,21,Non-recipient,0,0
2126,19,Non-recipient,1,0
2127,23,Non-recipient,3,2
2128,28,Recipient,1,1
2129,23,Non-recipient,32,31
2130,30,Recipient,2,2
2131,19,Non-recipient,7,6
2132,28,Non-recipient,9,8
2133,29,Recipient,4,4
2134,20,Recipient,7,7
2135,21,Recipient,5,5
2136,20,Recipient,1,1
2137,22,Non-recipient,0,0
2138,27,Recipient,9,9
2139,26,Recipient,11,11
2140,18,Recipient,4,4
2141,18,Recipient,16,16
2142,21,Recipient,6,6
2143,21,Recipient,1,1
2144,26,Non-recipient,4,3
2145,24,Recipient,8,8
2146,20,Recipient,4,4
2147,18,Recipient,0,0
2148,27,Recipient,1,1
2149,30,Non-recipient,1,0
2150,20,Non-recipient,4,3
2151,30,Recipient,14,14
2152,28,Non-recipient,0,0
2153,24,Recipient,8,8
2154,18,Recipient,35,35
2155,19,Recipient,0,0
2156,23,Recipient,7,7
2157,19,Recipient,25,25
2158,22,Recipient,3,3
2159,27,Recipient,17,17
2160,27,Non-recipient,5,4
2161,20,Non-recipient,6,5
2162,23,Recipient,5,5
2163,26,Non-recipient,0,0
2164,28,Non-recipient,7,6
2165,18,Recipient,0,0
2166,21,Non-recipient,4,3
2167,21,Non-recipient,1,0
2168,27,Non-recipient,17,16
2169,30,Recipient,5,5
2170,18,Recipient,0,0
2171,18,Non-recipient,22,21
2172,22,Non-recipient,20,19
2173,27,Recipient,0,0
2174,27,Non-recipient,8,7
2175,27,Non-recipient,7,6
2176,28,Recipient,5,5
2177,20,Non-recipient,7,6
2178,18,Recipient,2,2
2179,24,Non-recipient,7,6
2180,29,Non-recipient,0,0
2181,18,Recipient,9,9
2182,24,Recipient,1,1
2183,29,Recipient,7,7
2184,30,Recipient,1,1
2185,22,Recipient,1,1
2186,30,Non-recipient,12,11
2187,24,Recipient,10,10
2188,26,Non-recipient,17,16
2189,22,Recipient,15,15
2190,21,Recipient,8,8
2191,30,Recipient,8,8
2192,25,Recipient,3,3
2193,21,Non-recipient,3,2
2194,21,Recipient,0,0
2195,20,Non-recipient,11,10
2196,18,Recipient,11,11
2197,22,Non-recipient,0,0
2198,24,Recipient,22,22
2199,18,Non-recipient,4,3
2200,24,Recipient,0,0
2201,27,Recipient,12,12
2202,22,Non-recipient,6,5
2203,24,Non-recipient,16,15
2204,19,Non-recipient,2,1
2205,20,Recipient,16,16
2206,30,Non-recipient,2,1
2207,18,Recipient,4,4
2208,20,Non-recipient,24,23
2209,22,Non-recipient,0,0
2210,19,Non-recipient,4,3
2211,22,Recipient,1,1
2212,21,Non-recipient,6,5
2213,30,Recipient,3,3
2214,24,Recipient,2,2
2215,22,Recipient,3,3
2216,24,Recipient,20,20
2217,22,Recipient,9,9
2218,24,Non-recipient,1,0
2219,28,Recipient,1,1
2220,30,Recipient,0,0
2221,22,Recipient,16,16
2222,21,Recipient,8,8
2223,26,Non-recipient,8,7
2224,26,Recipient,3,3
2225,30,Recipient,7,7
2226,18,Non-recipient,7,6
2227,30,Recipient,21,21
2228,26,Non-recipient,2,1
2229,25,Non-recipient,0,0
2230,26,Non-recipient,8,7
2231,19,Non-recipient,1,0
2232,27,Non-recipient,11,10
2233,26,Recipient,16,16
2234,21,Recipient,10,10
2235,21,Non-recipient,9,8
2236,19,Non-recipient,6,5
2237,24,Recipient,2,2
2238,30,Non-recipient,16,15
2239,22,Non-recipient,17,16
2240,30,Recipient,7,7
2241,28,Non-recipient,2,1
2242,30,Non-recipient,13,12
2243,29,Recipient,3,3
2244,26,Non-recipient,2,1
2245,21,Recipient,1,1
2246,21,Non-recipient,12,11
2247,28,Non-recipient,10,9
2248,27,Non-recipient,1,0
2249,26,Recipient,2,2
2250,28,Non-recipient,6,5
2251,30,Non-recipient,12,11
2252,18,Non-recipient,11,10
2253,19,Recipient,1,1
2254,20,Non-recipient,4,3
2255,26,Non-recipient,2,1
2256,20,Non-recipient,4,3
2257,26,Non-recipient,1,0
2258,24,Recipient,0,0
2259,19,Non-recipient,10,9
2260,27,Recipient,2,2
2261,20,Non-recipient,1,0
2262,19,Non-recipient,1,0
2263,26,Recipient,3,3
2264,26,Recipient,2,2
2265,25,Non-recipient,7,6
2266,24,Non-recipient,8,7
2267,20,Recipient,17,17
2268,26,Recipient,0,0
2269,19,Recipient,7,7
2270,24,Non-recipient,17,16
2271,26,Non-recipient,6,5
2272,30,Non-recipient,13,12
2273,18,Recipient,0,0
2274,26,Recipient,1,1
2275,30,Recipient,0,0
2276,27,Non-recipient,2,1
2277,28,Recipient,31,31
2278,30,Recipient,4,4
2279,27,Recipient,1,1
2280,29,Recipient,10,10
2281,24,Non-recipient,11,10
2282,20,Recipient,8,8
2283,19,Recipient,5,5
2284,24,Recipient,1,1
2285,24,Recipient,26,26
2286,22,Recipient,12,12
2287,28,Non-recipient,24,23
2288,23,Recipient,10,10
2289,19,Recipient,16,16
2290,28,Recipient,4,4
2291,19,Recipient,3,3
2292,29,Recipient,1,1
2293,27,Non-recipient,6,5
2294,21,Recipient,7,7
2295,27,Non-recipient,0,0
2296,26,Non-recipient,4,3
2297,27,Non-recipient,5,4
2298,19,Non-recipient,8,7
2299,30,Recipient,20,20
2300,27,Recipient,2,2
2301,26,Recipient,5,5
2302,27,Recipient,0,0
2303,18,Non-recipient,2,1
2304,24,Recipient,3,3
2305,19,Non-recipient,2,1
2306,18,Non-recipient,2,1
2307,24,Recipient,8,8
2308,20,Non-recipient,7,6
2309,22,Recipient,5,5
2310,30,Recipient,1,1
2311,30,Recipient,15,15
2312,20,Non-recipient,5,4
2313,26,Recipient,1,1
2314,20,Non-recipient,12,11
2315,24,Non-recipient,2,1
2316,29,Non-recipient,9,8
2317,24,Non-recipient,1,0
2318,27,Non-recipient,21,20
2319,20,Non-recipient,13,12
2320,28,Recipient,3,3
2321,30,Recipient,4,4
2322,30,Non-recipient,0,0
2323,27,Recipient,5,5
2324,20,Recipient,4,4
2325,22,Non-recipient,15,14
2326,18,Non-recipient,7,6
2327,26,Recipient,13,13
2328,24,Recipient,2,2
2329,23,Recipient,0,0
2330,25,Non-recipient,9,8
2331,19,Non-recipient,2,1
2332,19,Non-recipient,3,2
2333,22,Non-recipient,0,0
2334,28,Recipient,0,0
2335,28,Recipient,5,5
2336,26,Recipient,5,5
2337,27,Recipient,6,6
2338,26,Non-recipient,0,0
2339,27,Non-recipient,3,2
2340,18,Recipient,5,5
2341,20,Recipient,1,1
2342,22,Non-recipient,6,5
2343,18,Recipient,17,17
2344,21,Non-recipient,3,2
2345,20,Non-recipient,6,5
2346,21,Non-recipient,6,5
2347,24,Non-recipient,1,0
2348,23,Recipient,11,11
2349,24,Recipient,9,9
2350,19,Recipient,3,3
2351,18,Recipient,1,1
2352,19,Non-recipient,5,4
2353,21,Non-recipient,14,13
2354,26,Recipient,6,6
2355,30,Non-recipient,11,10
2356,19,Non-recipient,8,7
2357,18,Recipient,5,5
2358,20,Recipient,4,4
2359,19,Non-recipient,0,0
2360,29,Recipient,14,14
2361,22,Recipient,3,3
2362,26,Recipient,3,3
2363,24,Recipient,3,3
2364,26,Recipient,6,6
2365,19,Recipient,12,12
2366,19,Non-recipient,7,6
2367,29,Non-recipient,0,0
2368,30,Non-recipient,2,1
2369,23,Recipient,26,26
2370,18,Non-recipient,2,1
2371,26,Non-recipient,7,6
2372,21,Non-recipient,3,2
2373,26,Non-recipient,4,3
2374,27,Recipient,2,2
2375,20,Non-recipient,2,1
2376,18,Recipient,2,2
2377,22,Recipient,1,1
2378,28,Non-recipient,15,14
2379,18,Non-recipient,0,0
2380,22,Recipient,2,2
2381,21,Recipient,4,4
2382,26,Non-recipient,3,2
2383,20,Non-recipient,4,3
2384,26,Non-recipient,2,1
2385,26,Non-recipient,5,4
2386,30,Non-recipient,1,0
2387,20,Non-recipient,2,1
2388,20,Recipient,2,2
2389,30,Non-recipient,6,5
2390,18,Non-recipient,4,3
2391,21,Non-recipient,1,0
2392,24,Recipient,11,11
2393,22,Non-recipient,14,13
2394,20,Recipient,15,15
2395,22,Non-recipient,1,0
2396,26,Recipient,1,1
2397,27,Recipient,0,0
2398,18,Non-recipient,6,5
2399,24,Recipient,5,5
2400,26,Non-recipient,5,4
