entity,code,year,income
Albania,ALB,1996,6.9721026
Albania,ALB,2002,6.6881413
Albania,ALB,2005,7.7997913
Albania,ALB,2008,8.4002
Albania,ALB,2012,8.240385
Albania,ALB,2014,8.295376
Albania,ALB,2015,10.043126000000001
Albania,ALB,2016,10.274922
Albania,ALB,2017,10.187669
Albania,ALB,2018,11.6399765
Albania,ALB,2019,11.611524
Albania,ALB,2020,12.064707
Algeria,DZA,1988,5.5539804
Algeria,DZA,1995,5.7523637
Algeria,DZA,2011,8.04364
Angola,AGO,2000,4.6733184
Angola,AGO,2008,4.7030997
Angola,AGO,2018,3.4205022
Argentina (urban),NA,1980,24.830717
Argentina (urban),NA,1986,25.367317
Argentina (urban),NA,1987,22.359615
Argentina (urban),NA,1991,15.114628
Argentina (urban),NA,1992,15.807517
Argentina (urban),NA,1993,16.156162
Argentina (urban),NA,1994,15.622388
Argentina (urban),NA,1995,14.441226
Argentina (urban),NA,1996,13.854637
Argentina (urban),NA,1997,14.835679
Argentina (urban),NA,1998,13.572867
Argentina (urban),NA,1999,13.479605
Argentina (urban),NA,2000,12.820309
Argentina (urban),NA,2001,11.441448
Argentina (urban),NA,2002,7.848625
Argentina (urban),NA,2003,11.572903
Argentina (urban),NA,2004,13.4154825
Argentina (urban),NA,2005,14.883712
Argentina (urban),NA,2006,17.003906
Argentina (urban),NA,2007,17.583319
Argentina (urban),NA,2008,18.386515
Argentina (urban),NA,2009,19.652662
Argentina (urban),NA,2010,20.200413
Argentina (urban),NA,2011,21.535973
Argentina (urban),NA,2012,21.84913
Argentina (urban),NA,2013,22.084642
Argentina (urban),NA,2014,20.105286
Argentina (urban),NA,2016,20.881012
Argentina (urban),NA,2017,21.996168
Argentina (urban),NA,2018,19.941988
Argentina (urban),NA,2019,18.919567
Argentina (urban),NA,2020,16.616943
Argentina (urban),NA,2021,17.896223
Argentina (urban),NA,2022,17.290493
Armenia,ARM,1999,3.9263155
Armenia,ARM,2001,3.7717013
Armenia,ARM,2002,3.9557726
Armenia,ARM,2003,4.167549
Armenia,ARM,2004,4.830017
Armenia,ARM,2005,5.4379992
Armenia,ARM,2006,5.8377285
Armenia,ARM,2007,6.3974786
Armenia,ARM,2008,6.6593184
Armenia,ARM,2009,5.956918
Armenia,ARM,2010,5.9216743
Armenia,ARM,2011,6.1817684
Armenia,ARM,2012,6.37294
Armenia,ARM,2013,6.597413
Armenia,ARM,2014,6.7330723
Armenia,ARM,2015,7.1080394
Armenia,ARM,2016,7.7114472
Armenia,ARM,2017,6.9698253
Armenia,ARM,2018,6.9356084
Armenia,ARM,2019,6.713989
Armenia,ARM,2020,6.619426
Armenia,ARM,2021,6.7418895
Armenia,ARM,2022,6.7156725
Australia,AUS,1981,32.32216
Australia,AUS,1985,32.708267
Australia,AUS,1989,33.693123
Australia,AUS,1995,31.018078
Australia,AUS,2001,35.176933
Australia,AUS,2003,36.377586
Australia,AUS,2004,39.830036
Australia,AUS,2008,48.249416
Australia,AUS,2010,49.001587
Australia,AUS,2014,52.274582
Australia,AUS,2016,51.968037
Australia,AUS,2018,53.050495
Austria,AUT,1994,44.72875
Austria,AUT,1995,44.657364
Austria,AUT,1996,42.95575
Austria,AUT,1997,43.246304
Austria,AUT,1998,43.76893
Austria,AUT,1999,46.104816
Austria,AUT,2000,44.952507
Austria,AUT,2003,47.833397
Austria,AUT,2004,50.183907
Austria,AUT,2005,48.654762
Austria,AUT,2006,48.87515
Austria,AUT,2007,51.080627
Austria,AUT,2008,52.83893
Austria,AUT,2009,53.982433
Austria,AUT,2010,54.96537
Austria,AUT,2011,53.49292
Austria,AUT,2012,52.69723
Austria,AUT,2013,54.359097
Austria,AUT,2014,54.46112
Austria,AUT,2015,54.984207
Austria,AUT,2016,56.993645
Austria,AUT,2017,57.028057
Austria,AUT,2018,56.41074
Austria,AUT,2019,57.64287
Austria,AUT,2020,59.103535
Austria,AUT,2021,58.25852
Azerbaijan,AZE,1995,4.3125057
Azerbaijan,AZE,2001,4.9036164
Azerbaijan,AZE,2002,6.949713
Azerbaijan,AZE,2003,7.2452493
Azerbaijan,AZE,2004,7.2914386
Azerbaijan,AZE,2005,8.059334
Bangladesh,BGD,1983,2.459166
Bangladesh,BGD,1985,2.6133814
Bangladesh,BGD,1988,2.3593693
Bangladesh,BGD,1991,2.3533928
Bangladesh,BGD,1995,2.590331
Bangladesh,BGD,2000,2.6613784
Bangladesh,BGD,2005,2.960369
Bangladesh,BGD,2010,3.2445064
Bangladesh,BGD,2016,3.5797248
Bangladesh,BGD,2022,4.7816916
Belarus,BLR,1998,3.3103294
Belarus,BLR,1999,3.5744078
Belarus,BLR,2000,3.9803197
Belarus,BLR,2001,4.956196
Belarus,BLR,2002,5.457107
Belarus,BLR,2003,5.732067
Belarus,BLR,2004,6.5614953
Belarus,BLR,2005,8.031095
Belarus,BLR,2006,9.207119
Belarus,BLR,2007,10.385712
Belarus,BLR,2008,11.016583
Belarus,BLR,2009,11.158714
Belarus,BLR,2010,12.327235
Belarus,BLR,2011,12.923373
Belarus,BLR,2012,14.584608
Belarus,BLR,2013,16.063587
Belarus,BLR,2014,16.63947
Belarus,BLR,2015,15.229697
Belarus,BLR,2016,14.546709
Belarus,BLR,2017,14.996151
Belarus,BLR,2018,16.049614
Belarus,BLR,2019,17.134323
Belarus,BLR,2020,17.238052
Belgium,BEL,1985,30.986668
Belgium,BEL,1988,32.627075
Belgium,BEL,1992,35.408348
Belgium,BEL,1995,40.99495
Belgium,BEL,1997,40.669365
Belgium,BEL,2000,44.315655
Belgium,BEL,2003,43.70565
Belgium,BEL,2004,45.123596
Belgium,BEL,2005,45.8229
Belgium,BEL,2006,45.90988
Belgium,BEL,2007,46.368534
Belgium,BEL,2008,47.268734
Belgium,BEL,2009,47.95934
Belgium,BEL,2010,48.20654
Belgium,BEL,2011,47.534985
Belgium,BEL,2012,48.920853
Belgium,BEL,2013,48.95173
Belgium,BEL,2014,49.06411
Belgium,BEL,2015,50.48832
Belgium,BEL,2016,49.966892
Belgium,BEL,2017,50.10646
Belgium,BEL,2018,51.246574
Belgium,BEL,2019,52.628468
Belgium,BEL,2020,53.04003
Belgium,BEL,2021,54.49564
Belize,BLZ,1993,5.237858
Belize,BLZ,1994,4.951904
Belize,BLZ,1996,4.3148103
Belize,BLZ,1997,4.2657948
Belize,BLZ,1998,4.305977
Belize,BLZ,1999,4.6116567
Benin,BEN,2003,2.0626218
Benin,BEN,2011,1.9899166
Benin,BEN,2015,2.1238961
Benin,BEN,2018,3.4818325
Benin,BEN,2021,4.0014644
Bhutan,BTN,2003,4.2329755
Bhutan,BTN,2007,5.508203
Bhutan,BTN,2012,7.3806167
Bhutan,BTN,2017,8.255591
Bhutan,BTN,2022,13.86247
Bolivia,BOL,1997,7.440847
Bolivia,BOL,1999,6.8437214
Bolivia,BOL,2000,5.8185744
Bolivia,BOL,2001,6.562533
Bolivia,BOL,2002,6.2373767
Bolivia,BOL,2004,7.4573827
Bolivia,BOL,2005,7.4574056
Bolivia,BOL,2006,8.277175
Bolivia,BOL,2007,8.7065
Bolivia,BOL,2008,10.072595
Bolivia,BOL,2009,11.384946
Bolivia,BOL,2011,12.864443
Bolivia,BOL,2012,13.299046
Bolivia,BOL,2013,14.28673
Bolivia,BOL,2014,14.180519
Bolivia,BOL,2015,13.984007
Bolivia,BOL,2016,13.803614
Bolivia,BOL,2017,14.065414
Bolivia,BOL,2018,14.1270895
Bolivia,BOL,2019,14.692894
Bolivia,BOL,2020,14.018767
Bolivia,BOL,2021,14.911999
Bolivia (urban),NA,1990,7.97576
Bolivia (urban),NA,1992,5.7808537
Bosnia and Herzegovina,BIH,2001,11.426371
Bosnia and Herzegovina,BIH,2004,16.501049
Bosnia and Herzegovina,BIH,2007,18.299322
Bosnia and Herzegovina,BIH,2011,17.60119
Botswana,BWA,1985,2.6257007
Botswana,BWA,1993,3.1922119
Botswana,BWA,2002,3.6787395
Botswana,BWA,2009,5.1577854
Botswana,BWA,2015,4.842955
Brazil,BRA,1981,4.370307
Brazil,BRA,1982,4.4011617
Brazil,BRA,1983,3.6131256
Brazil,BRA,1984,3.637219
Brazil,BRA,1985,4.141202
Brazil,BRA,1986,6.9439473
Brazil,BRA,1987,5.2981124
Brazil,BRA,1988,4.9665246
Brazil,BRA,1989,5.3467674
Brazil,BRA,1990,4.6084123
Brazil,BRA,1992,4.6344748
Brazil,BRA,1993,4.7638736
Brazil,BRA,1995,6.327705
Brazil,BRA,1996,6.424778
Brazil,BRA,1997,6.354686
Brazil,BRA,1998,6.5905085
Brazil,BRA,1999,6.3355803
Brazil,BRA,2001,7.211707
Brazil,BRA,2002,7.3051834
Brazil,BRA,2003,7.105482
Brazil,BRA,2004,7.32527
Brazil,BRA,2005,7.7487807
Brazil,BRA,2006,8.441198
Brazil,BRA,2007,9.044376
Brazil,BRA,2008,9.672678
Brazil,BRA,2009,10.10386
Brazil,BRA,2011,11.125909
Brazil,BRA,2012,11.778716
Brazil,BRA,2013,12.388895
Brazil,BRA,2014,12.816304
Brazil,BRA,2015,12.494716
Brazil,BRA,2016,12.131994
Brazil,BRA,2017,12.197561
Brazil,BRA,2018,12.480014
Brazil,BRA,2019,12.878389
Brazil,BRA,2020,13.48168
Brazil,BRA,2021,11.585374
Brazil,BRA,2022,12.991237
Bulgaria,BGR,1992,18.32036
Bulgaria,BGR,2006,9.502101
Bulgaria,BGR,2007,12.863037
Bulgaria,BGR,2008,14.656129
Bulgaria,BGR,2009,15.459045
Bulgaria,BGR,2010,14.574066
Bulgaria,BGR,2011,13.78208
Bulgaria,BGR,2012,14.050603
Bulgaria,BGR,2013,15.684114
Bulgaria,BGR,2014,16.27757
Bulgaria,BGR,2015,15.466485
Bulgaria,BGR,2016,17.697788
Bulgaria,BGR,2017,17.449934
Bulgaria,BGR,2018,19.6149
Bulgaria,BGR,2019,20.862291
Bulgaria,BGR,2020,22.822475
Bulgaria,BGR,2021,23.402508
Burkina Faso,BFA,1994,0.9570869
Burkina Faso,BFA,1998,1.1634978
Burkina Faso,BFA,2003,1.8926255
Burkina Faso,BFA,2009,2.0532246
Burkina Faso,BFA,2014,2.4483566
Burkina Faso,BFA,2018,2.8839324
Burkina Faso,BFA,2021,3.1207023
Burundi,BDI,1992,1.4647766
Burundi,BDI,1998,1.2539656
Burundi,BDI,2006,1.5327443
Burundi,BDI,2013,1.7007565
Burundi,BDI,2020,1.795875
Cameroon,CMR,1996,2.1134253
Cameroon,CMR,2001,3.3056624
Cameroon,CMR,2007,3.0545666
Cameroon,CMR,2014,3.8891785
Cameroon,CMR,2021,3.9085712
Canada,CAN,1971,26.170103
Canada,CAN,1973,30.229498
Canada,CAN,1975,33.86768
Canada,CAN,1977,36.192837
Canada,CAN,1979,37.65416
Canada,CAN,1981,39.20887
Canada,CAN,1982,38.403385
Canada,CAN,1984,38.48741
Canada,CAN,1985,39.502964
Canada,CAN,1986,39.77684
Canada,CAN,1987,40.707153
Canada,CAN,1988,41.531765
Canada,CAN,1989,42.7209
Canada,CAN,1990,42.648903
Canada,CAN,1991,40.92271
Canada,CAN,1992,41.456566
Canada,CAN,1993,40.266376
Canada,CAN,1994,41.187332
Canada,CAN,1995,41.136482
Canada,CAN,1996,38.740196
Canada,CAN,1997,39.223553
Canada,CAN,1998,40.425865
Canada,CAN,1999,41.838104
Canada,CAN,2000,42.881
Canada,CAN,2001,44.212887
Canada,CAN,2002,44.505993
Canada,CAN,2003,44.577
Canada,CAN,2004,45.6491
Canada,CAN,2005,46.94165
Canada,CAN,2006,47.37079
Canada,CAN,2007,49.39322
Canada,CAN,2008,50.576733
Canada,CAN,2009,50.8006
Canada,CAN,2010,50.96299
Canada,CAN,2011,51.711906
Canada,CAN,2012,52.57174
Canada,CAN,2013,53.529934
Canada,CAN,2014,53.804523
Canada,CAN,2015,53.67829
Canada,CAN,2016,53.84606
Canada,CAN,2017,55.422237
Canada,CAN,2018,55.67319
Canada,CAN,2019,56.303295
Cape Verde,CPV,2001,4.275831
Cape Verde,CPV,2007,5.3311977
Cape Verde,CPV,2015,6.7278094
Central African Republic,CAF,1992,0.69004804
Central African Republic,CAF,2008,1.675035
Central African Republic,CAF,2021,1.5665926
Chad,TCD,2003,1.8461195
Chad,TCD,2011,2.8371365
Chad,TCD,2018,2.8793948
Chad,TCD,2022,3.106669
Chile,CHL,1987,5.118264
Chile,CHL,1990,5.951519
Chile,CHL,1992,6.73091
Chile,CHL,1994,7.3085713
Chile,CHL,1996,8.186566
Chile,CHL,1998,8.6896350000000009
Chile,CHL,2000,8.158404
Chile,CHL,2003,8.312335
Chile,CHL,2006,10.168835
Chile,CHL,2009,10.983946
Chile,CHL,2011,11.765435
Chile,CHL,2013,14.373943
Chile,CHL,2015,15.574657
Chile,CHL,2017,17.074636
Chile,CHL,2020,16.724894
Chile,CHL,2022,19.984573
China,CHN,1981,1.0197082
China,CHN,1984,1.3918698
China,CHN,1987,1.6886042000000001
China,CHN,1990,1.5474635
China,CHN,1993,1.6901625
China,CHN,1996,2.2122352
China,CHN,1999,2.3027816
China,CHN,2002,2.7932117
China,CHN,2005,3.711955
China,CHN,2008,4.5048256
China,CHN,2010,5.2375927
China,CHN,2011,5.731477
China,CHN,2012,6.3185043
China,CHN,2013,7.222071
China,CHN,2014,7.8903756
China,CHN,2015,8.504072
China,CHN,2016,9.0614605
China,CHN,2017,9.4807005
China,CHN,2018,10.162936
China,CHN,2019,10.724763
China,CHN,2020,10.393845
China (rural),NA,1981,0.9098843
China (rural),NA,1984,1.2338074
China (rural),NA,1987,1.4724814
China (rural),NA,1990,1.3508801
China (rural),NA,1993,1.432824
China (rural),NA,1996,1.8251176
China (rural),NA,1999,1.7890445
China (rural),NA,2002,1.9958748
China (rural),NA,2005,2.6710594
China (rural),NA,2008,2.9197717
China (rural),NA,2010,3.2372172
China (rural),NA,2011,3.655973
China (rural),NA,2012,3.9753418
China (rural),NA,2013,5.20062
China (rural),NA,2014,5.7327075
China (rural),NA,2015,6.2008457
China (rural),NA,2016,6.59796
China (rural),NA,2017,6.9252715
China (rural),NA,2018,7.5981703
China (rural),NA,2019,8.099339
China (rural),NA,2020,8.049165
China (urban),NA,1981,1.8086013
China (urban),NA,1984,2.0693827
China (urban),NA,1987,2.4928977
China (urban),NA,1990,2.4200401
China (urban),NA,1993,2.9132946
China (urban),NA,1996,3.3721912
China (urban),NA,1999,3.844238
China (urban),NA,2002,4.8659835
China (urban),NA,2005,5.957589
China (urban),NA,2008,7.201365
China (urban),NA,2010,8.230179
China (urban),NA,2011,8.672951
China (urban),NA,2012,9.3466625
China (urban),NA,2013,10.010378
China (urban),NA,2014,10.713047
China (urban),NA,2015,11.2987995
China (urban),NA,2016,11.900493
China (urban),NA,2017,12.260374
China (urban),NA,2018,12.84772
China (urban),NA,2019,13.339494
China (urban),NA,2020,12.517024
Colombia,COL,1992,6.283644
Colombia,COL,1996,5.286576
Colombia,COL,1999,4.8692694
Colombia,COL,2000,5.349044
Colombia,COL,2001,4.5874567
Colombia,COL,2002,5.704443
Colombia,COL,2003,5.7759633
Colombia,COL,2004,5.7898264
Colombia,COL,2005,6.336102
Colombia,COL,2008,7.12171
Colombia,COL,2009,7.2957015
Colombia,COL,2010,7.759391
Colombia,COL,2011,8.259432
Colombia,COL,2012,8.625676
Colombia,COL,2013,9.095704
Colombia,COL,2014,9.52309
Colombia,COL,2015,9.6515
Colombia,COL,2016,9.6227664999999991
Colombia,COL,2017,9.6866255
Colombia,COL,2018,9.7151575
Colombia,COL,2019,9.615213
Colombia,COL,2020,8.116921
Colombia,COL,2021,8.88948
Colombia,COL,2022,9.6840725
Colombia (urban),NA,1980,5.1878676
Colombia (urban),NA,1988,6.212194
Colombia (urban),NA,1989,6.036542
Colombia (urban),NA,1991,6.5195236
Comoros,COM,2004,4.651558
Comoros,COM,2014,4.389313
Congo,COG,2005,2.163706
Congo,COG,2011,2.9803798
Costa Rica,CRI,1981,4.1702876
Costa Rica,CRI,1986,5.544108
Costa Rica,CRI,1989,7.233717
Costa Rica,CRI,1990,7.39594
Costa Rica,CRI,1991,6.6914052999999996
Costa Rica,CRI,1992,7.0608754
Costa Rica,CRI,1993,8.131675
Costa Rica,CRI,1994,9.054862
Costa Rica,CRI,1995,8.799932
Costa Rica,CRI,1996,8.207078
Costa Rica,CRI,1997,8.786831
Costa Rica,CRI,1998,9.675799
Costa Rica,CRI,1999,9.177522
Costa Rica,CRI,2000,9.173735
Costa Rica,CRI,2001,11.283708
Costa Rica,CRI,2002,11.292333
Costa Rica,CRI,2003,11.772515
Costa Rica,CRI,2004,11.172638
Costa Rica,CRI,2005,11.685542
Costa Rica,CRI,2006,11.729439
Costa Rica,CRI,2007,12.942212
Costa Rica,CRI,2008,13.198342
Costa Rica,CRI,2009,14.013057
Costa Rica,CRI,2010,14.853402
Costa Rica,CRI,2011,15.325219
Costa Rica,CRI,2012,15.847805
Costa Rica,CRI,2013,15.7473955
Costa Rica,CRI,2014,15.833556
Costa Rica,CRI,2015,15.757311
Costa Rica,CRI,2016,16.407978
Costa Rica,CRI,2017,16.567549
Costa Rica,CRI,2018,16.596836
Costa Rica,CRI,2019,16.231756
Costa Rica,CRI,2020,13.882614
Costa Rica,CRI,2021,15.924461
Costa Rica,CRI,2022,15.86023
Cote d'Ivoire,CIV,1985,6.121228
Cote d'Ivoire,CIV,1986,5.6078525
Cote d'Ivoire,CIV,1987,4.9941835
Cote d'Ivoire,CIV,1988,4.098196
Cote d'Ivoire,CIV,1992,3.286474
Cote d'Ivoire,CIV,1995,3.309932
Cote d'Ivoire,CIV,1998,2.9137578
Cote d'Ivoire,CIV,2002,2.9438326
Cote d'Ivoire,CIV,2008,2.8471425
Cote d'Ivoire,CIV,2015,2.8561695
Cote d'Ivoire,CIV,2018,4.3492
Cote d'Ivoire,CIV,2021,4.336595
Croatia,HRV,2009,21.05368
Croatia,HRV,2010,19.43167
Croatia,HRV,2011,18.969696
Croatia,HRV,2012,17.751776
Croatia,HRV,2013,17.849712
Croatia,HRV,2014,18.790659
Croatia,HRV,2015,20.075865
Croatia,HRV,2016,21.651611
Croatia,HRV,2017,22.925236
Croatia,HRV,2018,24.305866
Croatia,HRV,2019,26.120905
Croatia,HRV,2020,26.997786
Croatia,HRV,2021,28.754229
Cyprus,CYP,2004,38.08545
Cyprus,CYP,2005,40.335056
Cyprus,CYP,2006,43.80927
Cyprus,CYP,2007,44.050514
Cyprus,CYP,2008,43.41868
Cyprus,CYP,2009,42.41863
Cyprus,CYP,2010,43.2975
Cyprus,CYP,2011,42.249027
Cyprus,CYP,2012,39.07879
Cyprus,CYP,2013,35.86818
Cyprus,CYP,2014,34.830708
Cyprus,CYP,2015,36.2929
Cyprus,CYP,2016,37.757587
Cyprus,CYP,2017,39.636055
Cyprus,CYP,2018,41.382294
Cyprus,CYP,2019,43.203327
Cyprus,CYP,2020,43.550587
Cyprus,CYP,2021,45.669167
Czechia,CZE,1992,16.963173
Czechia,CZE,1993,16.980194
Czechia,CZE,1996,20.042097
Czechia,CZE,2002,22.1924
Czechia,CZE,2004,23.692728
Czechia,CZE,2005,24.507227
Czechia,CZE,2006,25.764994
Czechia,CZE,2007,27.03176
Czechia,CZE,2008,27.59587
Czechia,CZE,2009,28.180857
Czechia,CZE,2010,28.19305
Czechia,CZE,2011,28.464462
Czechia,CZE,2012,27.92027
Czechia,CZE,2013,27.9421
Czechia,CZE,2014,28.482159
Czechia,CZE,2015,29.77056
Czechia,CZE,2016,30.658865
Czechia,CZE,2017,31.669296
Czechia,CZE,2018,32.993126
Czechia,CZE,2019,34.56493
Czechia,CZE,2020,35.212753
Czechia,CZE,2021,36.751797
Democratic Republic of Congo,COD,2004,0.71384877
Democratic Republic of Congo,COD,2012,1.4633274
Democratic Republic of Congo,COD,2020,1.1797127
Denmark,DNK,1987,43.281544
Denmark,DNK,1992,43.366474
Denmark,DNK,1995,44.878983
Denmark,DNK,2000,47.60297
Denmark,DNK,2003,45.959854
Denmark,DNK,2004,47.13086
Denmark,DNK,2005,47.274868
Denmark,DNK,2006,48.179382
Denmark,DNK,2007,48.959774
Denmark,DNK,2008,49.2378
Denmark,DNK,2009,49.86184
Denmark,DNK,2010,51.45856
Denmark,DNK,2011,50.253574
Denmark,DNK,2012,49.759304
Denmark,DNK,2013,50.61715
Denmark,DNK,2014,51.012444
Denmark,DNK,2015,51.132122
Denmark,DNK,2016,52.612034
Denmark,DNK,2017,53.34849
Denmark,DNK,2018,54.510185
Denmark,DNK,2019,54.0801
Denmark,DNK,2020,56.418724
Denmark,DNK,2021,57.08956
Djibouti,DJI,2002,3.5462775
Djibouti,DJI,2012,4.1606364
Djibouti,DJI,2013,3.7488816
Djibouti,DJI,2017,4.0851326
Dominican Republic,DOM,1986,9.039928
Dominican Republic,DOM,1989,4.8779526
Dominican Republic,DOM,1992,6.5161057
Dominican Republic,DOM,1996,7.946932
Dominican Republic,DOM,1997,8.5769615
Dominican Republic,DOM,2000,8.467488
Dominican Republic,DOM,2001,8.373159
Dominican Republic,DOM,2002,8.314103
Dominican Republic,DOM,2003,6.9345694
Dominican Republic,DOM,2004,5.8845787
Dominican Republic,DOM,2005,7.087676
Dominican Republic,DOM,2006,7.7355604
Dominican Republic,DOM,2007,7.604998
Dominican Republic,DOM,2008,7.3883066
Dominican Republic,DOM,2009,7.8710957
Dominican Republic,DOM,2010,8.029945
Dominican Republic,DOM,2011,8.150972
Dominican Republic,DOM,2012,8.053047
Dominican Republic,DOM,2013,8.262238
Dominican Republic,DOM,2014,9.152832
Dominican Republic,DOM,2015,9.981743
Dominican Republic,DOM,2016,10.685526
Dominican Republic,DOM,2017,10.526615
Dominican Republic,DOM,2018,11.221108
Dominican Republic,DOM,2019,11.802383
Dominican Republic,DOM,2020,10.754667
Dominican Republic,DOM,2021,10.5664
Dominican Republic,DOM,2022,11.336495
East Asia and Pacific (PIP),NA,1990,1.69
East Asia and Pacific (PIP),NA,1991,1.73
East Asia and Pacific (PIP),NA,1992,1.81
East Asia and Pacific (PIP),NA,1993,1.89
East Asia and Pacific (PIP),NA,1994,2.04
East Asia and Pacific (PIP),NA,1995,2.16
East Asia and Pacific (PIP),NA,1996,2.34
East Asia and Pacific (PIP),NA,1997,2.36
East Asia and Pacific (PIP),NA,1998,2.32
East Asia and Pacific (PIP),NA,1999,2.46
East Asia and Pacific (PIP),NA,2000,2.58
East Asia and Pacific (PIP),NA,2001,2.72
East Asia and Pacific (PIP),NA,2002,2.96
East Asia and Pacific (PIP),NA,2003,3.18
East Asia and Pacific (PIP),NA,2004,3.42
East Asia and Pacific (PIP),NA,2005,3.7
East Asia and Pacific (PIP),NA,2006,3.88
East Asia and Pacific (PIP),NA,2007,4.18
East Asia and Pacific (PIP),NA,2008,4.38
East Asia and Pacific (PIP),NA,2009,4.68
East Asia and Pacific (PIP),NA,2010,5.15
East Asia and Pacific (PIP),NA,2011,5.55
East Asia and Pacific (PIP),NA,2012,6
East Asia and Pacific (PIP),NA,2013,6.7
East Asia and Pacific (PIP),NA,2014,7.2
East Asia and Pacific (PIP),NA,2015,7.7
East Asia and Pacific (PIP),NA,2016,8.2
East Asia and Pacific (PIP),NA,2017,8.55
East Asia and Pacific (PIP),NA,2018,9.1
East Asia and Pacific (PIP),NA,2019,9.55
East Asia and Pacific (PIP),NA,2020,9.3
East Asia and Pacific (PIP),NA,2021,9.9
East Asia and Pacific (PIP),NA,2022,10
East Timor,TLS,2001,2.4786775
East Timor,TLS,2007,2.3936632
East Timor,TLS,2014,2.8969195
Eastern and Southern Africa (PIP),NA,1993,1.79
Eastern and Southern Africa (PIP),NA,1994,1.77
Eastern and Southern Africa (PIP),NA,1995,1.81
Eastern and Southern Africa (PIP),NA,1996,1.85
Eastern and Southern Africa (PIP),NA,1998,1.86
Eastern and Southern Africa (PIP),NA,1999,1.86
Eastern and Southern Africa (PIP),NA,2000,1.87
Eastern and Southern Africa (PIP),NA,2001,1.89
Eastern and Southern Africa (PIP),NA,2002,1.87
Eastern and Southern Africa (PIP),NA,2003,1.91
Eastern and Southern Africa (PIP),NA,2004,2.04
Eastern and Southern Africa (PIP),NA,2005,2.14
Eastern and Southern Africa (PIP),NA,2006,2.22
Eastern and Southern Africa (PIP),NA,2007,2.28
Eastern and Southern Africa (PIP),NA,2008,2.34
Eastern and Southern Africa (PIP),NA,2009,2.36
Eastern and Southern Africa (PIP),NA,2010,2.42
Eastern and Southern Africa (PIP),NA,2011,2.48
Eastern and Southern Africa (PIP),NA,2012,2.5
Eastern and Southern Africa (PIP),NA,2013,2.54
Eastern and Southern Africa (PIP),NA,2014,2.54
Eastern and Southern Africa (PIP),NA,2015,2.54
Eastern and Southern Africa (PIP),NA,2016,2.52
Eastern and Southern Africa (PIP),NA,2017,2.5
Eastern and Southern Africa (PIP),NA,2018,2.48
Ecuador,ECU,1994,4.982338
Ecuador,ECU,1999,4.503047
Ecuador,ECU,2000,3.6287086
Ecuador,ECU,2003,5.7134266
Ecuador,ECU,2004,5.596546
Ecuador,ECU,2005,6.7482285
Ecuador,ECU,2006,7.506095
Ecuador,ECU,2007,7.640722
Ecuador,ECU,2008,8.004316
Ecuador,ECU,2009,7.8690653
Ecuador,ECU,2010,8.657102
Ecuador,ECU,2011,9.539067
Ecuador,ECU,2012,10.310091
Ecuador,ECU,2013,10.239714
Ecuador,ECU,2014,10.770401
Ecuador,ECU,2015,10.667513
Ecuador,ECU,2016,10.725599
Ecuador,ECU,2017,11.1746645
Ecuador,ECU,2018,10.939679
Ecuador,ECU,2019,10.678475
Ecuador,ECU,2020,9.163351
Ecuador,ECU,2021,10.100934
Ecuador,ECU,2022,10.6552725
Ecuador (urban),NA,1987,5.5567484
Ecuador (urban),NA,1995,5.1168957
Ecuador (urban),NA,1998,4.7041526
Egypt,EGY,1990,4.4934306
Egypt,EGY,1995,4.38444
Egypt,EGY,1999,5.251187
Egypt,EGY,2004,4.691417
Egypt,EGY,2008,4.773144
Egypt,EGY,2010,5.3414063
Egypt,EGY,2012,5.58704
Egypt,EGY,2015,5.8058734
Egypt,EGY,2017,5.065631
Egypt,EGY,2019,5.422779
El Salvador,SLV,1989,5.6939964
El Salvador,SLV,1991,4.7180753
El Salvador,SLV,1995,5.8376045
El Salvador,SLV,1996,5.6633472
El Salvador,SLV,1998,5.6431036
El Salvador,SLV,1999,5.9517417
El Salvador,SLV,2000,6.711727
El Salvador,SLV,2001,6.4419026
El Salvador,SLV,2002,6.446985
El Salvador,SLV,2003,6.309293
El Salvador,SLV,2004,6.5228386
El Salvador,SLV,2005,6.5922804
El Salvador,SLV,2006,6.794314
El Salvador,SLV,2007,7.201734
El Salvador,SLV,2008,6.7156467
El Salvador,SLV,2009,6.800109
El Salvador,SLV,2010,6.9706388
El Salvador,SLV,2011,6.854189
El Salvador,SLV,2012,7.2050815
El Salvador,SLV,2013,7.764702
El Salvador,SLV,2014,7.733603
El Salvador,SLV,2015,8.078951
El Salvador,SLV,2016,8.388868
El Salvador,SLV,2017,8.6307745
El Salvador,SLV,2018,9.232857
El Salvador,SLV,2019,9.886846
El Salvador,SLV,2021,10.265134
El Salvador,SLV,2022,10.355628
Estonia,EST,1993,9.384344
Estonia,EST,2003,12.298609
Estonia,EST,2004,13.91504
Estonia,EST,2005,15.919821
Estonia,EST,2006,18.66036
Estonia,EST,2007,21.596106
Estonia,EST,2008,22.176426
Estonia,EST,2009,21.165781
Estonia,EST,2010,20.074387
Estonia,EST,2011,20.189465
Estonia,EST,2012,21.242819
Estonia,EST,2013,22.326656
Estonia,EST,2014,24.375458
Estonia,EST,2015,26.660093
Estonia,EST,2016,29.068659
Estonia,EST,2017,31.21282
Estonia,EST,2018,33.238235
Estonia,EST,2019,34.645023
Estonia,EST,2020,35.998894
Estonia,EST,2021,40.0546
Eswatini,SWZ,1994,0.7474132
Eswatini,SWZ,2000,1.9134078
Eswatini,SWZ,2009,2.1832268
Eswatini,SWZ,2016,2.9537303
Ethiopia,ETH,1995,1.5852412
Ethiopia,ETH,1999,1.9565111
Ethiopia,ETH,2004,2.634626
Ethiopia,ETH,2010,2.7604105
Ethiopia,ETH,2015,3.0618846
Ethiopia (rural),NA,1981,1.6483233
Europe and Central Asia (PIP),NA,1990,10.2
Europe and Central Asia (PIP),NA,1991,9.55
Europe and Central Asia (PIP),NA,1992,8.7
Europe and Central Asia (PIP),NA,1993,7.7
Europe and Central Asia (PIP),NA,1994,7.1
Europe and Central Asia (PIP),NA,1995,8
Europe and Central Asia (PIP),NA,1996,7.35
Europe and Central Asia (PIP),NA,1997,7.7
Europe and Central Asia (PIP),NA,1998,7.65
Europe and Central Asia (PIP),NA,1999,6.5
Europe and Central Asia (PIP),NA,2000,7.05
Europe and Central Asia (PIP),NA,2001,7.5
Europe and Central Asia (PIP),NA,2002,7.9
Europe and Central Asia (PIP),NA,2003,8.15
Europe and Central Asia (PIP),NA,2004,8.95
Europe and Central Asia (PIP),NA,2005,9.6
Europe and Central Asia (PIP),NA,2006,10.4
Europe and Central Asia (PIP),NA,2007,11.2
Europe and Central Asia (PIP),NA,2008,12.4
Europe and Central Asia (PIP),NA,2009,12.2
Europe and Central Asia (PIP),NA,2010,12.7
Europe and Central Asia (PIP),NA,2011,13.2
Europe and Central Asia (PIP),NA,2012,13.5
Europe and Central Asia (PIP),NA,2013,13.9
Europe and Central Asia (PIP),NA,2014,14.1
Europe and Central Asia (PIP),NA,2015,13.8
Europe and Central Asia (PIP),NA,2016,14
Europe and Central Asia (PIP),NA,2017,14.6
Europe and Central Asia (PIP),NA,2018,14.8
Europe and Central Asia (PIP),NA,2019,15.3
Europe and Central Asia (PIP),NA,2020,16.2
Europe and Central Asia (PIP),NA,2021,17.1
Europe and Central Asia (PIP),NA,2022,17.6
Fiji,FJI,2002,7.440474
Fiji,FJI,2008,7.815553
Fiji,FJI,2013,8.090505
Fiji,FJI,2019,6.643387
Finland,FIN,1987,32.77302
Finland,FIN,1991,36.43524
Finland,FIN,1995,33.169247
Finland,FIN,2000,37.502197
Finland,FIN,2003,39.577423
Finland,FIN,2004,40.983616
Finland,FIN,2005,42.76982
Finland,FIN,2006,43.454365
Finland,FIN,2007,44.85182
Finland,FIN,2008,45.46987
Finland,FIN,2009,46.955692
Finland,FIN,2010,47.399937
Finland,FIN,2011,47.498127
Finland,FIN,2012,47.983444
Finland,FIN,2013,47.89649
Finland,FIN,2014,47.833168
Finland,FIN,2015,48.046368
Finland,FIN,2016,48.600227
Finland,FIN,2017,49.616215
Finland,FIN,2018,50.38814
Finland,FIN,2019,51.2622
Finland,FIN,2020,51.20899
Finland,FIN,2021,51.83912
France,FRA,1970,19.765087
France,FRA,1975,25.53487
France,FRA,1979,30.385605
France,FRA,1984,32.70681
France,FRA,1990,35.088875
France,FRA,1996,38.12038
France,FRA,1997,38.36444
France,FRA,1998,39.286854
France,FRA,1999,39.746666
France,FRA,2000,40.710247
France,FRA,2001,41.765644
France,FRA,2002,42.83721
France,FRA,2003,39.631977
France,FRA,2004,40.651966
France,FRA,2005,40.45696
France,FRA,2006,40.229687
France,FRA,2007,46.39058
France,FRA,2008,46.970753
France,FRA,2009,48.217815
France,FRA,2010,47.33909
France,FRA,2011,47.598377
France,FRA,2012,47.513657
France,FRA,2013,47.404404
France,FRA,2014,48.543087
France,FRA,2015,49.097523
France,FRA,2016,49.76317
France,FRA,2017,49.441666
France,FRA,2018,49.589756
France,FRA,2019,48.568478
France,FRA,2020,50.13696
France,FRA,2021,49.779552
Gabon,GAB,2005,6.2319274
Gabon,GAB,2017,9.673192
Gambia,GMB,1998,1.2369685
Gambia,GMB,2003,2.1244833
Gambia,GMB,2010,3.1114526
Gambia,GMB,2015,3.952387
Gambia,GMB,2020,3.8196523
Georgia,GEO,1996,6.6369424
Georgia,GEO,1997,4.327405
Georgia,GEO,1998,4.4343123
Georgia,GEO,1999,3.8492439
Georgia,GEO,2000,3.677442
Georgia,GEO,2001,3.5107539
Georgia,GEO,2002,4.640865
Georgia,GEO,2003,4.6719556
Georgia,GEO,2004,4.8884845
Georgia,GEO,2005,4.720846
Georgia,GEO,2006,4.6231885
Georgia,GEO,2007,4.4778676
Georgia,GEO,2008,4.8266897
Georgia,GEO,2009,4.76619
Georgia,GEO,2010,4.718827
Georgia,GEO,2011,4.870391
Georgia,GEO,2012,5.297253
Georgia,GEO,2013,5.7314773
Georgia,GEO,2014,6.118881
Georgia,GEO,2015,6.1822953
Georgia,GEO,2016,6.2393446
Georgia,GEO,2017,6.3935785
Georgia,GEO,2018,6.437006
Georgia,GEO,2019,6.429443
Georgia,GEO,2020,6.031012
Georgia,GEO,2021,6.3433757
Germany,DEU,1991,43.766983
Germany,DEU,1992,44.77731
Germany,DEU,1993,44.68975
Germany,DEU,1994,44.69215
Germany,DEU,1995,45.297737
Germany,DEU,1996,45.78361
Germany,DEU,1997,45.12673
Germany,DEU,1998,46.2275
Germany,DEU,1999,46.96137
Germany,DEU,2000,48.088047
Germany,DEU,2001,47.080074
Germany,DEU,2002,48.028625
Germany,DEU,2003,47.85557
Germany,DEU,2004,48.24737
Germany,DEU,2005,47.544716
Germany,DEU,2006,47.92012
Germany,DEU,2007,48.563015
Germany,DEU,2008,48.470924
Germany,DEU,2009,49.221596
Germany,DEU,2010,49.470573
Germany,DEU,2011,49.3055
Germany,DEU,2012,49.328674
Germany,DEU,2013,49.70645
Germany,DEU,2014,49.98011
Germany,DEU,2015,51.45444
Germany,DEU,2016,52.89616
Germany,DEU,2017,53.216515
Germany,DEU,2018,54.922703
Germany,DEU,2019,55.684296
Ghana,GHA,1987,1.8976214
Ghana,GHA,1988,1.91647
Ghana,GHA,1991,1.699323
Ghana,GHA,1998,1.971179
Ghana,GHA,2005,2.476591
Ghana,GHA,2012,3.5266793
Ghana,GHA,2016,3.7379272
Greece,GRC,1995,23.154718
Greece,GRC,2000,26.624104
Greece,GRC,2003,31.055803
Greece,GRC,2004,32.26922
Greece,GRC,2005,32.114094
Greece,GRC,2006,32.512054
Greece,GRC,2007,34.021633
Greece,GRC,2008,34.42967
Greece,GRC,2009,35.20679
Greece,GRC,2010,30.598398
Greece,GRC,2011,25.850245
Greece,GRC,2012,22.158981
Greece,GRC,2013,20.860281
Greece,GRC,2014,20.845242
Greece,GRC,2015,21.11429
Greece,GRC,2016,21.675865
Greece,GRC,2017,22.089748
Greece,GRC,2018,22.959246
Greece,GRC,2019,24.61295
Greece,GRC,2020,24.813005
Greece,GRC,2021,26.430964
Grenada,GRD,2018,14.055036
Guatemala,GTM,1986,2.1663768
Guatemala,GTM,1989,3.1486557
Guatemala,GTM,1998,6.06021
Guatemala,GTM,2000,6.8622327
Guatemala,GTM,2006,7.086735
Guatemala,GTM,2014,6.169567
Guinea,GIN,1991,0.7593014
Guinea,GIN,1994,2.587182
Guinea,GIN,2002,2.0106838
Guinea,GIN,2007,2.2156093
Guinea,GIN,2012,3.1398177
Guinea,GIN,2018,3.8037891
Guinea-Bissau,GNB,1993,2.5515096
Guinea-Bissau,GNB,2002,2.0370996
Guinea-Bissau,GNB,2010,1.5815208
Guinea-Bissau,GNB,2018,3.3135962
Guinea-Bissau,GNB,2021,3.1120498
Guyana,GUY,1992,3.2769873
Guyana,GUY,1998,6.042705
Haiti,HTI,2001,1.363829
Haiti,HTI,2012,1.7051569
Honduras,HND,1989,2.807617
Honduras,HND,1990,2.6529806
Honduras,HND,1991,3.3469908
Honduras,HND,1992,3.6398325
Honduras,HND,1993,4.2602606
Honduras,HND,1994,4.1901064
Honduras,HND,1995,4.022335
Honduras,HND,1996,3.7753675
Honduras,HND,1997,4.891482
Honduras,HND,1998,4.791288
Honduras,HND,1999,4.522653
Honduras,HND,2001,5.883974
Honduras,HND,2002,5.017737
Honduras,HND,2003,4.414223
Honduras,HND,2004,4.5683722
Honduras,HND,2005,4.8884583
Honduras,HND,2006,5.7077713
Honduras,HND,2007,6.1642327
Honduras,HND,2008,6.632153
Honduras,HND,2009,7.1321936
Honduras,HND,2010,6.622419
Honduras,HND,2011,6.632304
Honduras,HND,2012,5.79868
Honduras,HND,2013,6.192532
Honduras,HND,2014,6.3491073
Honduras,HND,2015,6.3770227
Honduras,HND,2016,6.7733355
Honduras,HND,2017,6.6780944
Honduras,HND,2018,6.6853375
Honduras,HND,2019,6.9277115
Honduras (urban),NA,1986,2.1823092
Hungary,HUN,1987,19.846361
Hungary,HUN,1989,9.038186
Hungary,HUN,1991,16.768406
Hungary,HUN,1993,13.503904
Hungary,HUN,1994,14.515339
Hungary,HUN,1999,13.560329
Hungary,HUN,2004,16.615314
Hungary,HUN,2005,17.48233
Hungary,HUN,2006,18.14108
Hungary,HUN,2007,17.756493
Hungary,HUN,2008,18.339064
Hungary,HUN,2009,17.701609
Hungary,HUN,2010,17.87068
Hungary,HUN,2011,18.23781
Hungary,HUN,2012,17.029804
Hungary,HUN,2013,17.361834
Hungary,HUN,2014,18.448183
Hungary,HUN,2015,19.396135
Hungary,HUN,2016,20.264921
Hungary,HUN,2017,21.579445
Hungary,HUN,2018,23.00955
Hungary,HUN,2019,24.764103
Hungary,HUN,2020,26.530985
Hungary,HUN,2021,28.789747
Iceland,ISL,2003,41.73692
Iceland,ISL,2004,41.559975
Iceland,ISL,2005,43.300087
Iceland,ISL,2006,48.35021
Iceland,ISL,2007,51.662567
Iceland,ISL,2008,52.556797
Iceland,ISL,2009,46.479355
Iceland,ISL,2010,42.810787
Iceland,ISL,2011,42.878994
Iceland,ISL,2012,43.25192
Iceland,ISL,2013,44.56499
Iceland,ISL,2014,46.090725
Iceland,ISL,2015,49.460754
Iceland,ISL,2016,53.00756
Iceland,ISL,2017,56.521667
India,IND,1977,1.7959436
India,IND,1983,1.9754022
India,IND,1987,2.1251733
India,IND,1993,2.2024786
India,IND,2004,2.4073858
India,IND,2009,2.6323438
India,IND,2011,3.0560212
India,IND,2015,3.184855
India,IND,2016,3.226763
India,IND,2017,3.4568484
India,IND,2018,3.795692
India,IND,2019,3.9986305
India,IND,2020,3.7355728
India,IND,2021,3.9418383
India (rural),NA,1977,1.6977808
India (rural),NA,1983,1.8577944
India (rural),NA,1987,2.020717
India (rural),NA,1993,2.0695968
India (rural),NA,2004,2.265
India (rural),NA,2009,2.4546466
India (rural),NA,2011,2.8274105
India (rural),NA,2015,2.9953084
India (rural),NA,2016,3.0405
India (rural),NA,2017,3.2054675
India (rural),NA,2018,3.491064
India (rural),NA,2019,3.7470539
India (rural),NA,2020,3.5182462
India (rural),NA,2021,3.7239227
India (urban),NA,1977,2.3321114
India (urban),NA,1983,2.5387099
India (urban),NA,1987,2.6061904
India (urban),NA,1993,2.7931385
India (urban),NA,2004,3.1094382
India (urban),NA,2009,3.4617162
India (urban),NA,2011,3.9169476
India (urban),NA,2015,3.6736085
India (urban),NA,2016,3.7882328
India (urban),NA,2017,4.3231006
India (urban),NA,2018,4.880796
India (urban),NA,2019,4.6309958
India (urban),NA,2020,4.268864
India (urban),NA,2021,4.6025243
Indonesia,IDN,1984,1.4859488
Indonesia,IDN,1987,1.5191479
Indonesia,IDN,1990,1.8206695
Indonesia,IDN,1993,1.8270187
Indonesia,IDN,1996,2.1114004
Indonesia,IDN,1998,1.6572146
Indonesia,IDN,1999,2.2558172
Indonesia,IDN,2000,2.3084466
Indonesia,IDN,2001,2.4056375
Indonesia,IDN,2002,2.8675234
Indonesia,IDN,2003,2.9108262
Indonesia,IDN,2004,2.9129086
Indonesia,IDN,2005,3.034871
Indonesia,IDN,2006,2.805464
Indonesia,IDN,2007,3.0741863
Indonesia,IDN,2008,3.1424394
Indonesia,IDN,2009,3.2683797
Indonesia,IDN,2010,3.6074884
Indonesia,IDN,2011,3.7977738
Indonesia,IDN,2012,3.8935716
Indonesia,IDN,2013,4.0549245
Indonesia,IDN,2014,4.2764544
Indonesia,IDN,2015,4.5392847
Indonesia,IDN,2016,4.8727
Indonesia,IDN,2017,5.1750336
Indonesia,IDN,2018,5.4385824
Indonesia,IDN,2019,5.5377636
Indonesia,IDN,2020,5.676859
Indonesia,IDN,2021,5.743996
Indonesia,IDN,2022,5.804181
Indonesia,IDN,2023,5.977867
Indonesia (rural),NA,1984,1.333767
Indonesia (rural),NA,1987,1.3845725
Indonesia (rural),NA,1990,1.6440027
Indonesia (rural),NA,1993,1.6135106
Indonesia (rural),NA,1996,1.8313936
Indonesia (rural),NA,1998,1.4504836
Indonesia (rural),NA,1999,2.0101738
Indonesia (rural),NA,2000,2.072398
Indonesia (rural),NA,2001,2.1251085
Indonesia (rural),NA,2002,2.4332936
Indonesia (rural),NA,2003,2.4780328
Indonesia (rural),NA,2004,2.445206
Indonesia (rural),NA,2005,2.517579
Indonesia (rural),NA,2006,2.3267934
Indonesia (rural),NA,2007,2.5423455
Indonesia (rural),NA,2008,2.6404927
Indonesia (rural),NA,2009,2.764174
Indonesia (rural),NA,2010,3.047863
Indonesia (rural),NA,2011,3.2326648
Indonesia (rural),NA,2012,3.3109863
Indonesia (rural),NA,2013,3.4949021
Indonesia (rural),NA,2014,3.7387996
Indonesia (rural),NA,2015,3.9898758
Indonesia (rural),NA,2016,4.2310405
Indonesia (rural),NA,2017,4.5078545
Indonesia (rural),NA,2018,4.7323136
Indonesia (rural),NA,2019,4.825516
Indonesia (rural),NA,2020,4.949363
Indonesia (rural),NA,2021,5.107136
Indonesia (rural),NA,2022,5.21203
Indonesia (rural),NA,2023,5.399783
Indonesia (urban),NA,1984,2.2396111
Indonesia (urban),NA,1987,2.0679042
Indonesia (urban),NA,1990,2.5104673
Indonesia (urban),NA,1993,2.5203464
Indonesia (urban),NA,1996,2.9299898
Indonesia (urban),NA,1998,2.1442966
Indonesia (urban),NA,1999,2.8048375
Indonesia (urban),NA,2000,2.7791622
Indonesia (urban),NA,2001,2.9903526
Indonesia (urban),NA,2002,3.653171
Indonesia (urban),NA,2003,3.807512
Indonesia (urban),NA,2004,3.7657108
Indonesia (urban),NA,2005,3.8333569
Indonesia (urban),NA,2006,3.5592666
Indonesia (urban),NA,2007,3.9540408
Indonesia (urban),NA,2008,3.9321334
Indonesia (urban),NA,2009,4.023233
Indonesia (urban),NA,2010,4.393003
Indonesia (urban),NA,2011,4.551952
Indonesia (urban),NA,2012,4.658087
Indonesia (urban),NA,2013,4.850838
Indonesia (urban),NA,2014,5.005392
Indonesia (urban),NA,2015,5.261223
Indonesia (urban),NA,2016,5.7791057
Indonesia (urban),NA,2017,5.9781203
Indonesia (urban),NA,2018,6.1820083
Indonesia (urban),NA,2019,6.31389
Indonesia (urban),NA,2020,6.4257355
Indonesia (urban),NA,2021,6.342773
Indonesia (urban),NA,2022,6.3545575
Indonesia (urban),NA,2023,6.5438924
Iran,IRN,1986,6.4474983
Iran,IRN,1990,6.1923237
Iran,IRN,1994,7.142718
Iran,IRN,1998,7.5865073
Iran,IRN,2005,11.670836
Iran,IRN,2006,11.670106
Iran,IRN,2009,12.038752
Iran,IRN,2011,11.08773
Iran,IRN,2012,11.175439
Iran,IRN,2013,10.722641
Iran,IRN,2014,10.356088
Iran,IRN,2015,10.456475
Iran,IRN,2016,10.466228
Iran,IRN,2017,11.009031
Iran,IRN,2018,10.466003
Iran,IRN,2019,9.664258
Iran,IRN,2020,9.481683
Iran,IRN,2021,10.34422
Iran,IRN,2022,10.912499
Iraq,IRQ,2006,9.105329
Iraq,IRQ,2012,9.614323
Ireland,IRL,1987,16.062574
Ireland,IRL,1994,21.961926
Ireland,IRL,1995,22.240242
Ireland,IRL,1996,24.256628
Ireland,IRL,2000,31.89597
Ireland,IRL,2002,35.53206
Ireland,IRL,2003,36.173153
Ireland,IRL,2004,37.128857000000004
Ireland,IRL,2005,38.044395
Ireland,IRL,2006,41.69812
Ireland,IRL,2007,41.12937
Ireland,IRL,2008,39.110355
Ireland,IRL,2009,38.209576
Ireland,IRL,2010,37.104183
Ireland,IRL,2011,35.67553
Ireland,IRL,2012,35.655792
Ireland,IRL,2013,35.718536
Ireland,IRL,2014,37.513084
Ireland,IRL,2015,39.22874
Ireland,IRL,2016,40.217735
Ireland,IRL,2017,43.784885
Ireland,IRL,2018,44.727562
Ireland,IRL,2019,46.412254
Ireland,IRL,2020,49.20636
Ireland,IRL,2021,50.1327
Israel,ISR,1979,16.497349
Israel,ISR,1986,16.23467
Israel,ISR,1992,19.462685
Israel,ISR,1997,19.996815
Israel,ISR,2001,22.515047
Israel,ISR,2002,20.364752
Israel,ISR,2003,20.71343
Israel,ISR,2004,21.574677
Israel,ISR,2005,22.13244
Israel,ISR,2006,23.00677
Israel,ISR,2007,24.1661
Israel,ISR,2008,24.48994
Israel,ISR,2009,24.521498
Israel,ISR,2010,25.122715
Israel,ISR,2011,25.129253
Israel,ISR,2012,26.967611
Israel,ISR,2013,28.323278
Israel,ISR,2014,29.4423
Israel,ISR,2015,30.049381
Israel,ISR,2016,30.956964
Israel,ISR,2017,32.57172
Israel,ISR,2018,33.653225
Israel,ISR,2019,32.9279
Israel,ISR,2020,32.509537
Israel,ISR,2021,32.92121
Italy,ITA,1977,20.311756
Italy,ITA,1978,22.250654
Italy,ITA,1979,23.367456
Italy,ITA,1980,24.136272
Italy,ITA,1981,23.646034
Italy,ITA,1982,25.142097
Italy,ITA,1983,25.313648
Italy,ITA,1984,25.827698
Italy,ITA,1986,24.607424
Italy,ITA,1987,28.301273
Italy,ITA,1989,31.122337
Italy,ITA,1991,31.21618
Italy,ITA,1993,30.588057
Italy,ITA,1995,29.715672
Italy,ITA,1998,31.703304
Italy,ITA,2000,32.72338
Italy,ITA,2002,32.900658
Italy,ITA,2003,39.87129
Italy,ITA,2004,41.24743
Italy,ITA,2005,41.093136
Italy,ITA,2006,41.7553
Italy,ITA,2007,42.637745
Italy,ITA,2008,41.566353
Italy,ITA,2009,41.99566
Italy,ITA,2010,41.045002
Italy,ITA,2011,40.202747
Italy,ITA,2012,38.427174
Italy,ITA,2013,38.16923
Italy,ITA,2014,38.351418
Italy,ITA,2015,39.452457
Italy,ITA,2016,40.319176
Italy,ITA,2017,40.532337
Italy,ITA,2018,40.674942
Italy,ITA,2019,42.622936
Italy,ITA,2020,41.83479
Italy,ITA,2021,43.379395
Jamaica,JAM,1988,7.4003406
Jamaica,JAM,1990,6.882898
Jamaica,JAM,1993,5.5002556
Jamaica,JAM,1996,7.654277
Jamaica,JAM,1999,9.663564
Jamaica,JAM,2002,9.561661
Jamaica,JAM,2004,9.9535
Jamaica,JAM,2018,15.107542
Jamaica,JAM,2021,15.188954
Japan,JPN,2008,36.592056
Japan,JPN,2010,42.64658
Japan,JPN,2013,41.49211
Jordan,JOR,1986,13.329677
Jordan,JOR,1992,9.336101
Jordan,JOR,1997,9.009786
Jordan,JOR,2002,10.444269
Jordan,JOR,2006,11.919615
Jordan,JOR,2008,12.072028
Jordan,JOR,2010,13.392007
Kazakhstan,KAZ,1993,5.077065
Kazakhstan,KAZ,1996,5.0936537
Kazakhstan,KAZ,2001,4.4853563
Kazakhstan,KAZ,2002,4.735255
Kazakhstan,KAZ,2003,5.1858826
Kazakhstan,KAZ,2004,5.562023
Kazakhstan,KAZ,2005,5.536668
Kazakhstan,KAZ,2006,6.793869
Kazakhstan,KAZ,2007,7.9278130000000004
Kazakhstan,KAZ,2008,7.952517
Kazakhstan,KAZ,2009,7.9519963
Kazakhstan,KAZ,2010,8.4307375
Kazakhstan,KAZ,2011,10.044238
Kazakhstan,KAZ,2012,10.232968
Kazakhstan,KAZ,2013,10.821953
Kazakhstan,KAZ,2014,10.570001
Kazakhstan,KAZ,2015,10.061601
Kazakhstan,KAZ,2016,9.291081
Kazakhstan,KAZ,2017,9.904097
Kazakhstan,KAZ,2018,10.417674
Kazakhstan,KAZ,2019,10.363337
Kazakhstan,KAZ,2020,10.454685
Kazakhstan,KAZ,2021,10.810688
Kenya,KEN,1992,3.7508585
Kenya,KEN,1994,3.4385746
Kenya,KEN,1997,3.4374552
Kenya,KEN,2005,2.758179
Kenya,KEN,2015,3.0985744
Kenya,KEN,2020,2.6851206
Kenya,KEN,2021,2.6132443
Kiribati,KIR,2006,4.445906
Kiribati,KIR,2019,5.325838
Kosovo,OWID_KOS,2003,5.3623347
Kosovo,OWID_KOS,2005,5.3725724
Kosovo,OWID_KOS,2006,5.335276
Kosovo,OWID_KOS,2009,6.0977015
Kosovo,OWID_KOS,2010,6.038163
Kosovo,OWID_KOS,2011,6.2575502
Kosovo,OWID_KOS,2012,7.516762
Kosovo,OWID_KOS,2013,7.6935124
Kosovo,OWID_KOS,2014,7.7957096
Kosovo,OWID_KOS,2015,7.9893937
Kosovo,OWID_KOS,2016,8.175637
Kosovo,OWID_KOS,2017,8.108823
Kyrgyzstan,KGZ,2000,2.4644766
Kyrgyzstan,KGZ,2001,2.6541982
Kyrgyzstan,KGZ,2002,2.7058237
Kyrgyzstan,KGZ,2003,2.8788075
Kyrgyzstan,KGZ,2004,3.9683306
Kyrgyzstan,KGZ,2005,3.6605716
Kyrgyzstan,KGZ,2006,4.495176
Kyrgyzstan,KGZ,2007,4.5806074
Kyrgyzstan,KGZ,2008,5.4080367
Kyrgyzstan,KGZ,2009,5.457591
Kyrgyzstan,KGZ,2010,5.268276
Kyrgyzstan,KGZ,2011,5.337806
Kyrgyzstan,KGZ,2012,5.1979046
Kyrgyzstan,KGZ,2013,5.0050035
Kyrgyzstan,KGZ,2014,5.2985845
Kyrgyzstan,KGZ,2015,5.093955
Kyrgyzstan,KGZ,2016,5.305892
Kyrgyzstan,KGZ,2017,5.3345275
Kyrgyzstan,KGZ,2018,5.669188
Kyrgyzstan,KGZ,2019,5.8372316
Kyrgyzstan,KGZ,2020,5.4330745
Kyrgyzstan,KGZ,2021,5.89488
Laos,LAO,1992,3.0499806
Laos,LAO,1997,2.3433046
Laos,LAO,2002,2.967564
Laos,LAO,2007,3.250357
Laos,LAO,2012,4.1624613
Laos,LAO,2018,4.7573843
Latin America and the Caribbean (PIP),NA,1990,5.6
Latin America and the Caribbean (PIP),NA,1991,5.7
Latin America and the Caribbean (PIP),NA,1992,5.65
Latin America and the Caribbean (PIP),NA,1993,5.65
Latin America and the Caribbean (PIP),NA,1994,5.95
Latin America and the Caribbean (PIP),NA,1995,6.05
Latin America and the Caribbean (PIP),NA,1996,5.9
Latin America and the Caribbean (PIP),NA,1997,6.05
Latin America and the Caribbean (PIP),NA,1998,6.2
Latin America and the Caribbean (PIP),NA,1999,6.05
Latin America and the Caribbean (PIP),NA,2000,6.45
Latin America and the Caribbean (PIP),NA,2001,6.55
Latin America and the Caribbean (PIP),NA,2002,6.7
Latin America and the Caribbean (PIP),NA,2003,6.65
Latin America and the Caribbean (PIP),NA,2004,6.85
Latin America and the Caribbean (PIP),NA,2005,7.3
Latin America and the Caribbean (PIP),NA,2006,7.9
Latin America and the Caribbean (PIP),NA,2007,8.3
Latin America and the Caribbean (PIP),NA,2008,8.7
Latin America and the Caribbean (PIP),NA,2009,8.7
Latin America and the Caribbean (PIP),NA,2010,9.1
Latin America and the Caribbean (PIP),NA,2011,9.55
Latin America and the Caribbean (PIP),NA,2012,9.85
Latin America and the Caribbean (PIP),NA,2013,10.1
Latin America and the Caribbean (PIP),NA,2014,10.2
Latin America and the Caribbean (PIP),NA,2015,10.6
Latin America and the Caribbean (PIP),NA,2016,10.7
Latin America and the Caribbean (PIP),NA,2017,10.8
Latin America and the Caribbean (PIP),NA,2018,11
Latin America and the Caribbean (PIP),NA,2019,11.3
Latin America and the Caribbean (PIP),NA,2020,10.9
Latin America and the Caribbean (PIP),NA,2021,10.8
Latin America and the Caribbean (PIP),NA,2022,11.6
Latvia,LVA,1993,7.71193
Latvia,LVA,1995,9.029968
Latvia,LVA,1996,8.781849
Latvia,LVA,2004,10.945852
Latvia,LVA,2005,12.07913
Latvia,LVA,2006,15.004924
Latvia,LVA,2007,19.540007
Latvia,LVA,2008,19.359398
Latvia,LVA,2009,16.167412
Latvia,LVA,2010,15.985072
Latvia,LVA,2011,15.575473
Latvia,LVA,2012,16.081114
Latvia,LVA,2013,17.358717
Latvia,LVA,2014,19.212112
Latvia,LVA,2015,20.933342
Latvia,LVA,2016,22.118916
Latvia,LVA,2017,23.859629
Latvia,LVA,2018,25.691933
Latvia,LVA,2019,26.937067
Latvia,LVA,2020,28.566208
Latvia,LVA,2021,30.76944
Lebanon,LBN,2011,26.116678
Lesotho,LSO,1986,1.9376643
Lesotho,LSO,1994,1.8924992
Lesotho,LSO,2002,1.4379084
Lesotho,LSO,2017,3.2375739
Liberia,LBR,2007,2.0600421
Liberia,LBR,2014,3.1779404
Liberia,LBR,2016,3.0950387
Lithuania,LTU,1993,4.7499466
Lithuania,LTU,2004,11.469282
Lithuania,LTU,2005,13.44312
Lithuania,LTU,2006,16.670477
Lithuania,LTU,2007,19.692274
Lithuania,LTU,2008,21.122522
Lithuania,LTU,2009,17.451546
Lithuania,LTU,2010,16.883917
Lithuania,LTU,2011,18.035812
Lithuania,LTU,2012,18.611023
Lithuania,LTU,2013,19.26231
Lithuania,LTU,2014,20.518288
Lithuania,LTU,2015,22.651808
Lithuania,LTU,2016,24.24167
Lithuania,LTU,2017,25.621786
Lithuania,LTU,2018,28.034132
Lithuania,LTU,2019,30.712622
Lithuania,LTU,2020,34.040344
Lithuania,LTU,2021,34.91118
Luxembourg,LUX,1985,40.14992
Luxembourg,LUX,1986,44.04366
Luxembourg,LUX,1987,48.313812
Luxembourg,LUX,1988,50.124546
Luxembourg,LUX,1989,51.61722
Luxembourg,LUX,1990,55.282665
Luxembourg,LUX,1991,56.008724
Luxembourg,LUX,1992,57.59838
Luxembourg,LUX,1993,57.673607
Luxembourg,LUX,1994,55.5264
Luxembourg,LUX,1995,56.39582
Luxembourg,LUX,1996,56.382065
Luxembourg,LUX,1997,57.41771
Luxembourg,LUX,1998,58.69613
Luxembourg,LUX,1999,61.52826
Luxembourg,LUX,2000,60.459404
Luxembourg,LUX,2001,61.45286
Luxembourg,LUX,2002,64.7336
Luxembourg,LUX,2003,64.786354
Luxembourg,LUX,2004,66.85571
Luxembourg,LUX,2005,68.98651
Luxembourg,LUX,2006,67.65136
Luxembourg,LUX,2007,68.75902
Luxembourg,LUX,2008,66.33034
Luxembourg,LUX,2009,69.037674
Luxembourg,LUX,2010,67.52896
Luxembourg,LUX,2011,66.05534
Luxembourg,LUX,2012,64.16686
Luxembourg,LUX,2013,66.37539
Luxembourg,LUX,2014,67.28173
Luxembourg,LUX,2015,61.960957
Luxembourg,LUX,2016,67.63195
Luxembourg,LUX,2017,65.96172
Luxembourg,LUX,2018,69.09576
Luxembourg,LUX,2019,69.48356
Luxembourg,LUX,2020,77.76416
Luxembourg,LUX,2021,79.70014
Madagascar,MDG,1980,2.205951
Madagascar,MDG,1993,1.4413595
Madagascar,MDG,1997,1.5402691
Madagascar,MDG,1999,1.561575
Madagascar,MDG,2001,1.3213401
Madagascar,MDG,2005,1.4088428
Madagascar,MDG,2010,1.1827385
Madagascar,MDG,2012,1.1187238
Malawi,MWI,1997,1.8748782
Malawi,MWI,2004,1.5838239
Malawi,MWI,2010,1.5159818
Malawi,MWI,2016,1.6496607
Malawi,MWI,2019,1.5339028
Malaysia,MYS,1984,8.5428915
Malaysia,MYS,1987,8.385859
Malaysia,MYS,1989,8.361095
Malaysia,MYS,1992,9.04889
Malaysia,MYS,1995,9.301946
Malaysia,MYS,1997,11.465997
Malaysia,MYS,2003,11.13748
Malaysia,MYS,2006,12.527523
Malaysia,MYS,2008,12.978291
Malaysia,MYS,2011,16.255423
Malaysia,MYS,2013,19.240177
Malaysia,MYS,2015,21.624985
Malaysia,MYS,2018,24.21878
Malaysia,MYS,2021,25.865078
Maldives,MDV,2002,5.0732884
Maldives,MDV,2009,6.798877
Maldives,MDV,2016,16.347643
Maldives,MDV,2019,15.8306
Mali,MLI,1994,0.8378315
Mali,MLI,2001,1.8768318
Mali,MLI,2006,2.1613991
Mali,MLI,2009,2.2107964
Mali,MLI,2018,3.768479
Mali,MLI,2021,3.3488104
Malta,MLT,2006,30.934843
Malta,MLT,2007,33.49299
Malta,MLT,2008,33.960133
Malta,MLT,2009,32.869587
Malta,MLT,2010,33.91648
Malta,MLT,2011,34.59186
Malta,MLT,2012,35.50498
Malta,MLT,2013,37.582233
Malta,MLT,2014,39.885357
Malta,MLT,2015,39.54135
Malta,MLT,2016,42.70111
Malta,MLT,2017,43.033344
Malta,MLT,2018,44.17502
Malta,MLT,2019,45.710777
Malta,MLT,2020,48.106636
Marshall Islands,MHL,2019,9.188247
Mauritania,MRT,1987,2.5718017
Mauritania,MRT,1993,2.4304218
Mauritania,MRT,1995,3.5388563
Mauritania,MRT,2000,3.701061
Mauritania,MRT,2004,3.6812432
Mauritania,MRT,2008,4.6975937
Mauritania,MRT,2014,5.299432
Mauritania,MRT,2019,5.2766995
Mauritius,MUS,2006,10.254396
Mauritius,MUS,2012,11.221884
Mauritius,MUS,2017,12.731154
Mexico,MEX,1984,6.233773
Mexico,MEX,1989,6.392065
Mexico,MEX,1992,6.9873233
Mexico,MEX,1994,7.215667
Mexico,MEX,1996,5.408069
Mexico,MEX,1998,5.8808055
Mexico,MEX,2000,6.8679676
Mexico,MEX,2002,7.255644
Mexico,MEX,2004,7.6711836
Mexico,MEX,2005,7.998011
Mexico,MEX,2006,8.384271
Mexico,MEX,2008,8.477346
Mexico,MEX,2010,8.336525
Mexico,MEX,2012,8.650836
Mexico,MEX,2014,8.223202
Mexico,MEX,2016,9.640644
Mexico,MEX,2018,10.061307
Mexico,MEX,2020,9.877569
Mexico,MEX,2022,11.628478
Micronesia (country),FSM,2005,5.8757463
Micronesia (country),FSM,2013,4.2220106
Micronesia (country) (urban),NA,2000,2.6763487
Middle East and North Africa (PIP),NA,1990,5.5
Middle East and North Africa (PIP),NA,1991,5.25
Middle East and North Africa (PIP),NA,1992,5.4
Middle East and North Africa (PIP),NA,1993,5.45
Middle East and North Africa (PIP),NA,1994,5.5
Middle East and North Africa (PIP),NA,1995,5.45
Middle East and North Africa (PIP),NA,1996,5.6
Middle East and North Africa (PIP),NA,1997,5.8
Middle East and North Africa (PIP),NA,1998,6.1
Middle East and North Africa (PIP),NA,1999,6.2
Middle East and North Africa (PIP),NA,2000,6.4
Middle East and North Africa (PIP),NA,2001,6.4
Middle East and North Africa (PIP),NA,2003,6.3
Middle East and North Africa (PIP),NA,2004,6.7
Middle East and North Africa (PIP),NA,2005,6.75
Middle East and North Africa (PIP),NA,2006,6.85
Middle East and North Africa (PIP),NA,2007,6.9
Middle East and North Africa (PIP),NA,2008,7.05
Middle East and North Africa (PIP),NA,2009,7.25
Middle East and North Africa (PIP),NA,2010,7.4
Middle East and North Africa (PIP),NA,2011,7.55
Middle East and North Africa (PIP),NA,2012,7.55
Middle East and North Africa (PIP),NA,2013,7.5
Middle East and North Africa (PIP),NA,2014,7.5
Middle East and North Africa (PIP),NA,2015,7.55
Middle East and North Africa (PIP),NA,2016,7.55
Middle East and North Africa (PIP),NA,2017,7.5
Middle East and North Africa (PIP),NA,2018,7.5
Moldova,MDA,1997,4.3698163
Moldova,MDA,1998,3.4683044
Moldova,MDA,1999,2.7906232
Moldova,MDA,2000,2.8913426
Moldova,MDA,2001,3.3509996
Moldova,MDA,2002,4.291307
Moldova,MDA,2003,5.08052
Moldova,MDA,2004,5.088041
Moldova,MDA,2005,4.516188
Moldova,MDA,2006,7.823344
Moldova,MDA,2007,8.950445
Moldova,MDA,2008,8.636712
Moldova,MDA,2009,8.843021
Moldova,MDA,2010,9.055512
Moldova,MDA,2011,9.451042
Moldova,MDA,2012,9.373644
Moldova,MDA,2013,10.07776
Moldova,MDA,2014,9.887843
Moldova,MDA,2015,10.254813
Moldova,MDA,2016,9.94288
Moldova,MDA,2017,10.060412
Moldova,MDA,2018,10.395866
Moldova,MDA,2019,10.515586
Moldova,MDA,2021,10.60901
Mongolia,MNG,1995,4.1896257
Mongolia,MNG,1998,2.9685533
Mongolia,MNG,2002,4.3941636
Mongolia,MNG,2007,6.794511
Mongolia,MNG,2010,6.9576144
Mongolia,MNG,2011,7.4893684
Mongolia,MNG,2012,8.753405
Mongolia,MNG,2014,9.306553
Mongolia,MNG,2016,7.710069
Mongolia,MNG,2018,8.099155
Mongolia,MNG,2022,10.326545
Montenegro,MNE,2012,12.244218
Montenegro,MNE,2013,12.528233
Montenegro,MNE,2014,13.133453
Montenegro,MNE,2015,13.263837
Montenegro,MNE,2016,14.5358095
Montenegro,MNE,2017,14.852145
Montenegro,MNE,2018,14.618298
Montenegro,MNE,2019,15.006553
Montenegro,MNE,2020,14.692564
Montenegro,MNE,2021,16.274788
Morocco,MAR,1984,4.412355
Morocco,MAR,1990,5.8173256
Morocco,MAR,1998,4.9292536
Morocco,MAR,2000,4.9226704
Morocco,MAR,2006,5.9568815
Morocco,MAR,2013,7.7121487
Mozambique,MOZ,1996,0.8834101
Mozambique,MOZ,2002,1.1487575
Mozambique,MOZ,2008,1.4511949
Mozambique,MOZ,2014,1.6047671
Mozambique,MOZ,2019,1.2939788
Myanmar,MMR,2015,4.7684264
Myanmar,MMR,2017,5.47138
Namibia,NAM,1993,1.9042853
Namibia,NAM,2003,2.9056273
Namibia,NAM,2009,3.5303068
Namibia,NAM,2015,5.6841736
Nauru,NRU,2012,5.6519923
Nepal,NPL,1984,1.6915183
Nepal,NPL,1995,2.0249052
Nepal,NPL,2003,2.5270512
Nepal,NPL,2010,4.200243
Netherlands,NLD,1983,30.04224
Netherlands,NLD,1987,33.20836
Netherlands,NLD,1990,38.931614
Netherlands,NLD,1993,37.110752
Netherlands,NLD,1999,43.80481
Netherlands,NLD,2004,44.265675
Netherlands,NLD,2005,44.796246
Netherlands,NLD,2006,46.714027
Netherlands,NLD,2007,49.38531
Netherlands,NLD,2008,49.770683
Netherlands,NLD,2009,50.103043
Netherlands,NLD,2010,49.59388
Netherlands,NLD,2011,48.94054
Netherlands,NLD,2012,48.174854
Netherlands,NLD,2013,46.899242
Netherlands,NLD,2014,47.30478
Netherlands,NLD,2015,50.42111
Netherlands,NLD,2016,52.606174
Netherlands,NLD,2017,52.510147
Netherlands,NLD,2018,53.176445
Netherlands,NLD,2019,54.416996
Netherlands,NLD,2020,58.848736
Netherlands,NLD,2021,59.726303
Nicaragua,NIC,1993,2.9299216
Nicaragua,NIC,1998,3.8198943
Nicaragua,NIC,2001,4.486338
Nicaragua,NIC,2005,5.5399413
Nicaragua,NIC,2009,5.977652
Nicaragua,NIC,2014,8.074234
Niger,NER,1992,1.1986992
Niger,NER,1994,0.97402966
Niger,NER,2005,1.1647121
Niger,NER,2007,1.3112459
Niger,NER,2011,1.8682615
Niger,NER,2014,2.011065
Niger,NER,2018,2.131262
Niger,NER,2021,2.1318378
Nigeria,NGA,1985,2.2395022
Nigeria,NGA,1992,2.0332294
Nigeria,NGA,1996,1.7822516
Nigeria,NGA,2003,2.2386844
Nigeria,NGA,2010,2.7593143
Nigeria,NGA,2012,2.8090491
Nigeria,NGA,2015,2.8964233
Nigeria,NGA,2018,2.9532702
North Macedonia,MKD,2009,8.222777
North Macedonia,MKD,2010,8.84216
North Macedonia,MKD,2011,8.812336
North Macedonia,MKD,2012,9.143415
North Macedonia,MKD,2013,9.162788
North Macedonia,MKD,2014,9.905079
North Macedonia,MKD,2015,10.413917
North Macedonia,MKD,2016,11.368792
North Macedonia,MKD,2017,12.01355
North Macedonia,MKD,2018,12.401244
North Macedonia,MKD,2019,13.475552
Norway,NOR,1979,24.601658
Norway,NOR,1986,34.006508
Norway,NOR,1991,35.923176
Norway,NOR,1995,36.17295
Norway,NOR,2000,42.813507
Norway,NOR,2003,45.678547
Norway,NOR,2004,45.674023
Norway,NOR,2005,47.456615
Norway,NOR,2006,49.469395
Norway,NOR,2007,53.141884
Norway,NOR,2008,55.588108
Norway,NOR,2009,56.35292
Norway,NOR,2010,56.927364
Norway,NOR,2011,60.46514
Norway,NOR,2012,61.506516
Norway,NOR,2013,63.70797
Norway,NOR,2014,64.78537
Norway,NOR,2015,64.99609
Norway,NOR,2016,64.3899
Norway,NOR,2017,64.22418
Norway,NOR,2018,63.713528
Norway,NOR,2019,65.29984
Other high income countries (PIP),NA,1990,34.7
Other high income countries (PIP),NA,1991,35.2
Other high income countries (PIP),NA,1992,35.6
Other high income countries (PIP),NA,1993,35.4
Other high income countries (PIP),NA,1994,36.1
Other high income countries (PIP),NA,1995,36.8
Other high income countries (PIP),NA,1996,37.3
Other high income countries (PIP),NA,1997,37.8
Other high income countries (PIP),NA,1998,38.7
Other high income countries (PIP),NA,1999,39.6
Other high income countries (PIP),NA,2000,40.6
Other high income countries (PIP),NA,2001,40.9
Other high income countries (PIP),NA,2002,41.5
Other high income countries (PIP),NA,2003,41.9
Other high income countries (PIP),NA,2004,42.7
Other high income countries (PIP),NA,2005,43.1
Other high income countries (PIP),NA,2006,43.6
Other high income countries (PIP),NA,2007,45.1
Other high income countries (PIP),NA,2008,44.9
Other high income countries (PIP),NA,2009,45.4
Other high income countries (PIP),NA,2010,45.5
Other high income countries (PIP),NA,2011,45.1
Other high income countries (PIP),NA,2012,45
Other high income countries (PIP),NA,2013,45.2
Other high income countries (PIP),NA,2014,45.3
Other high income countries (PIP),NA,2015,46.3
Other high income countries (PIP),NA,2016,47.4
Other high income countries (PIP),NA,2017,47.9
Other high income countries (PIP),NA,2018,49
Other high income countries (PIP),NA,2019,50.3
Other high income countries (PIP),NA,2020,50.4
Other high income countries (PIP),NA,2021,50.9
Other high income countries (PIP),NA,2022,52.6
Pakistan,PAK,1987,1.6967301
Pakistan,PAK,1990,1.7683086
Pakistan,PAK,1996,2.8906517
Pakistan,PAK,1998,2.7421837
Pakistan,PAK,2001,2.560565
Pakistan,PAK,2004,3.0328019
Pakistan,PAK,2005,3.0338082
Pakistan,PAK,2007,3.2396042
Pakistan,PAK,2010,3.5462253
Pakistan,PAK,2011,3.577841
Pakistan,PAK,2013,3.87621
Pakistan,PAK,2015,4.0830793
Pakistan,PAK,2018,4.0731707
Palestine,PSE,2004,10.319433
Palestine,PSE,2005,10.743198
Palestine,PSE,2006,10.818493
Palestine,PSE,2007,9.903896
Palestine,PSE,2009,11.214485
Palestine,PSE,2010,11.181039
Palestine,PSE,2011,11.348367
Palestine,PSE,2016,11.421007
Panama,PAN,1979,8.7898655
Panama,PAN,1989,6.8100176
Panama,PAN,1991,7.2054467
Panama,PAN,1995,9.399348
Panama,PAN,1997,9.29022
Panama,PAN,1998,9.146375
Panama,PAN,1999,9.724159
Panama,PAN,2000,10.150943
Panama,PAN,2001,9.058135
Panama,PAN,2002,9.6938
Panama,PAN,2003,9.952899
Panama,PAN,2004,10.367094
Panama,PAN,2005,10.390121
Panama,PAN,2006,10.419755
Panama,PAN,2007,11.527537
Panama,PAN,2008,13.751875
Panama,PAN,2009,13.846869
Panama,PAN,2010,14.449056
Panama,PAN,2011,16.019728
Panama,PAN,2012,16.13784
Panama,PAN,2013,16.894165
Panama,PAN,2014,17.49334
Panama,PAN,2015,18.755539
Panama,PAN,2016,19.876503
Panama,PAN,2017,20.362755
Panama,PAN,2018,21.425737
Panama,PAN,2019,21.85406
Panama,PAN,2021,19.199842
Panama,PAN,2023,19.735992
Papua New Guinea,PNG,1996,2.0044944
Papua New Guinea,PNG,2009,2.6180224
Paraguay,PRY,1990,11.430765
Paraguay,PRY,1995,8.061832
Paraguay,PRY,1997,9.602362
Paraguay,PRY,1999,8.513688
Paraguay,PRY,2001,8.710627
Paraguay,PRY,2002,6.6137004
Paraguay,PRY,2003,7.679608
Paraguay,PRY,2004,7.8502393
Paraguay,PRY,2005,8.508103
Paraguay,PRY,2006,7.8213925
Paraguay,PRY,2007,8.400963
Paraguay,PRY,2008,8.986501
Paraguay,PRY,2009,9.29529
Paraguay,PRY,2010,9.784206
Paraguay,PRY,2011,10.508198
Paraguay,PRY,2012,11.600768
Paraguay,PRY,2013,12.329539
Paraguay,PRY,2014,12.633976
Paraguay,PRY,2015,12.588136
Paraguay,PRY,2016,12.044276
Paraguay,PRY,2017,12.4551
Paraguay,PRY,2018,13.157505
Paraguay,PRY,2019,13.339132
Paraguay,PRY,2020,12.314926
Paraguay,PRY,2021,12.459649
Paraguay,PRY,2022,12.639644
Peru,PER,1997,5.2053766
Peru,PER,1998,5.1819954
Peru,PER,1999,5.113707
Peru,PER,2000,5.1944127
Peru,PER,2001,4.9391165
Peru,PER,2002,5.4752264
Peru,PER,2003,5.5684380000000004
Peru,PER,2004,5.5767403
Peru,PER,2005,5.277518
Peru,PER,2006,5.994751
Peru,PER,2007,6.8030896
Peru,PER,2008,7.460628
Peru,PER,2009,7.737353
Peru,PER,2010,8.341695
Peru,PER,2011,8.876252
Peru,PER,2012,9.409666
Peru,PER,2013,9.500891
Peru,PER,2014,9.630067
Peru,PER,2015,9.618947
Peru,PER,2016,9.922257
Peru,PER,2017,9.836352
Peru,PER,2018,10.153699
Peru,PER,2019,10.432818
Peru,PER,2020,7.8982849999999996
Peru,PER,2021,9.176717
Peru,PER,2022,9.394887
Philippines,PHL,1985,3.1344113
Philippines,PHL,1988,3.2515125
Philippines,PHL,1991,3.3342288
Philippines,PHL,1994,3.4546416
Philippines,PHL,1997,4.0708427
Philippines,PHL,2000,4.0263004
Philippines,PHL,2003,4.229912
Philippines,PHL,2006,4.1929536
Philippines,PHL,2009,4.477698
Philippines,PHL,2012,4.3811474
Philippines,PHL,2015,4.84382
Philippines,PHL,2018,5.293169
Philippines,PHL,2021,4.9763155
Poland,POL,1985,13.019569
Poland,POL,1986,13.256217
Poland,POL,1987,13.269028
Poland,POL,1989,18.88019
Poland,POL,1992,14.072984
Poland,POL,1995,11.180629
Poland,POL,1999,13.673615
Poland,POL,2004,14.032858
Poland,POL,2005,15.063584
Poland,POL,2006,16.300283
Poland,POL,2007,18.24353
Poland,POL,2008,19.87249
Poland,POL,2009,20.320524
Poland,POL,2010,20.80173
Poland,POL,2011,21.00654
Poland,POL,2012,20.96432
Poland,POL,2013,21.53535
Poland,POL,2014,22.29431
Poland,POL,2015,23.809603
Poland,POL,2016,24.84105
Poland,POL,2017,26.331245
Poland,POL,2018,27.94274
Poland,POL,2019,30.98221
Poland,POL,2020,32.109703
Poland,POL,2021,33.879444
Portugal,PRT,2003,22.760805
Portugal,PRT,2004,23.186123
Portugal,PRT,2005,22.92328
Portugal,PRT,2006,23.411354
Portugal,PRT,2007,24.58705
Portugal,PRT,2008,24.530464
Portugal,PRT,2009,25.894297
Portugal,PRT,2010,24.926168
Portugal,PRT,2011,23.691866
Portugal,PRT,2012,22.765785
Portugal,PRT,2013,22.932499
Portugal,PRT,2014,23.607676
Portugal,PRT,2015,24.705734
Portugal,PRT,2016,25.043917
Portugal,PRT,2017,25.571098
Portugal,PRT,2018,27.109007
Portugal,PRT,2019,29.427643
Portugal,PRT,2020,29.73526
Portugal,PRT,2021,29.239334
Romania,ROU,1989,15.774213
Romania,ROU,1992,10.273773
Romania,ROU,1994,4.2050896
Romania,ROU,1995,7.931789
Romania,ROU,1997,7.277565
Romania,ROU,2006,7.9122915
Romania,ROU,2007,8.713836
Romania,ROU,2008,9.912613
Romania,ROU,2009,10.238521
Romania,ROU,2010,9.96197
Romania,ROU,2011,9.227163
Romania,ROU,2012,9.356543
Romania,ROU,2013,9.417165
Romania,ROU,2014,10.21032
Romania,ROU,2015,10.917236
Romania,ROU,2016,12.535931
Romania,ROU,2017,15.409707
Romania,ROU,2018,16.887878
Romania,ROU,2019,19.02761
Romania,ROU,2020,21.184145
Romania,ROU,2021,23.197407
Russia,RUS,1993,9.58912
Russia,RUS,1996,9.644284
Russia,RUS,1997,9.71885
Russia,RUS,1998,8.775787
Russia,RUS,1999,7.0744557
Russia,RUS,2000,7.7721148
Russia,RUS,2001,8.70053
Russia,RUS,2002,9.475253
Russia,RUS,2003,10.024381
Russia,RUS,2004,10.777633
Russia,RUS,2005,11.54438
Russia,RUS,2006,12.704405
Russia,RUS,2007,14.265037
Russia,RUS,2008,15.913755
Russia,RUS,2009,15.662931
Russia,RUS,2010,16.969923
Russia,RUS,2011,17.495932
Russia,RUS,2012,18.059612
Russia,RUS,2013,18.349606
Russia,RUS,2014,18.387732
Russia,RUS,2015,17.364063
Russia,RUS,2016,17.356579
Russia,RUS,2017,17.135622
Russia,RUS,2018,17.301935
Russia,RUS,2019,17.90123
Russia,RUS,2020,17.40708
Rwanda,RWA,2000,1.3151513
Rwanda,RWA,2005,1.5853968
Rwanda,RWA,2010,1.8361876
Rwanda,RWA,2013,2.0397725
Rwanda,RWA,2016,2.0738049
Rwanda (rural),NA,1984,1.9397858
Saint Lucia,LCA,1995,2.696753
Saint Lucia,LCA,2015,13.024724
Samoa,WSM,2002,7.2441826
Samoa,WSM,2008,7.583531
Samoa,WSM,2013,7.5771036
Sao Tome and Principe,STP,2000,3.4324324
Sao Tome and Principe,STP,2010,3.203384
Sao Tome and Principe,STP,2017,3.998577
Senegal,SEN,1991,1.3028858
Senegal,SEN,1994,1.8203175
Senegal,SEN,2001,2.0658894
Senegal,SEN,2005,2.5035882
Senegal,SEN,2011,2.4989185
Senegal,SEN,2018,4.433556
Senegal,SEN,2021,4.4646606
Serbia,SRB,2012,11.56296
Serbia,SRB,2013,10.795997
Serbia,SRB,2014,10.865508
Serbia,SRB,2015,10.994128
Serbia,SRB,2016,11.657099
Serbia,SRB,2017,12.0110655
Serbia,SRB,2018,13.510494
Serbia,SRB,2019,15.300799
Serbia,SRB,2020,16.259317
Serbia,SRB,2021,16.992344
Seychelles,SYC,1999,14.563829
Seychelles,SYC,2006,13.168793
Seychelles,SYC,2013,15.939651
Seychelles,SYC,2018,19.497965
Sierra Leone,SLE,2003,1.7789999
Sierra Leone,SLE,2011,2.5105798
Sierra Leone,SLE,2018,2.9593496
Slovakia,SVK,1992,14.460435
Slovakia,SVK,1996,14.63786
Slovakia,SVK,2004,15.15261
Slovakia,SVK,2005,16.435019
Slovakia,SVK,2006,18.488356
Slovakia,SVK,2007,19.373352
Slovakia,SVK,2008,19.850332
Slovakia,SVK,2009,20.960907
Slovakia,SVK,2010,21.580462
Slovakia,SVK,2011,22.717054
Slovakia,SVK,2012,21.071383
Slovakia,SVK,2013,21.195173
Slovakia,SVK,2014,21.371578
Slovakia,SVK,2015,21.534374
Slovakia,SVK,2016,22.148932
Slovakia,SVK,2017,22.984943
Slovakia,SVK,2018,23.896662
Slovakia,SVK,2019,24.762434
Slovakia,SVK,2020,23.879622
Slovakia,SVK,2021,23.478302
Slovenia,SVN,1987,35.25317
Slovenia,SVN,1993,19.774706
Slovenia,SVN,1997,24.384604
Slovenia,SVN,1999,24.485016
Slovenia,SVN,2004,30.183493
Slovenia,SVN,2005,31.345585
Slovenia,SVN,2006,32.504036
Slovenia,SVN,2007,34.238235
Slovenia,SVN,2008,35.352116
Slovenia,SVN,2009,35.32827
Slovenia,SVN,2010,35.464855
Slovenia,SVN,2011,35.262535
Slovenia,SVN,2012,33.683163
Slovenia,SVN,2013,33.390114
Slovenia,SVN,2014,34.24614
Slovenia,SVN,2015,34.568344
Slovenia,SVN,2016,35.6928
Slovenia,SVN,2017,36.404823
Slovenia,SVN,2018,38.339615
Slovenia,SVN,2019,39.500835
Slovenia,SVN,2020,41.31365
Slovenia,SVN,2021,43.440727
Solomon Islands,SLB,2005,2.1310384
Solomon Islands,SLB,2012,3.103404
South Africa,ZAF,1993,3.4334688
South Africa,ZAF,2000,3.1182828
South Africa,ZAF,2005,3.5438232
South Africa,ZAF,2008,4.7547746
South Africa,ZAF,2010,4.975511
South Africa,ZAF,2014,4.7534223
South Asia (PIP),NA,1990,2.16
South Asia (PIP),NA,1991,2.18
South Asia (PIP),NA,1992,2.24
South Asia (PIP),NA,1993,2.26
South Asia (PIP),NA,1994,2.3
South Asia (PIP),NA,1995,2.32
South Asia (PIP),NA,1996,2.36
South Asia (PIP),NA,2002,2.42
South Asia (PIP),NA,2003,2.46
South Asia (PIP),NA,2004,2.52
South Asia (PIP),NA,2005,2.58
South Asia (PIP),NA,2006,2.62
South Asia (PIP),NA,2007,2.68
South Asia (PIP),NA,2008,2.72
South Asia (PIP),NA,2009,2.78
South Asia (PIP),NA,2010,2.92
South Asia (PIP),NA,2011,3.1
South Asia (PIP),NA,2012,3.2
South Asia (PIP),NA,2013,3.24
South Asia (PIP),NA,2014,3.28
South Asia (PIP),NA,2015,3.34
South Asia (PIP),NA,2016,3.38
South Asia (PIP),NA,2017,3.56
South Asia (PIP),NA,2018,3.84
South Asia (PIP),NA,2019,4.06
South Asia (PIP),NA,2020,3.9
South Asia (PIP),NA,2021,4.02
South Asia (PIP),NA,2022,4.22
South Korea,KOR,2006,31.087267
South Korea,KOR,2008,31.719343
South Korea,KOR,2010,32.26902
South Korea,KOR,2012,34.528248
South Korea,KOR,2014,35.921234
South Korea,KOR,2016,37.620308
South Sudan,SSD,2009,3.146055
South Sudan,SSD,2016,1.5208117
Spain,ESP,1980,17.361542
Spain,ESP,1985,16.827175
Spain,ESP,1990,22.780647
Spain,ESP,1993,24.533754
Spain,ESP,1994,24.85955
Spain,ESP,1995,24.268019
Spain,ESP,1996,24.529459
Spain,ESP,1997,25.941614
Spain,ESP,1998,27.811314
Spain,ESP,1999,29.532486
Spain,ESP,2000,31.095194
Spain,ESP,2003,33.631226
Spain,ESP,2004,32.95628
Spain,ESP,2005,34.55867
Spain,ESP,2006,34.36096
Spain,ESP,2007,40.486885
Spain,ESP,2008,41.49688
Spain,ESP,2009,41.07932
Spain,ESP,2010,38.490673
Spain,ESP,2011,37.30376
Spain,ESP,2012,35.861053
Spain,ESP,2013,34.930683
Spain,ESP,2014,35.039486
Spain,ESP,2015,35.95935
Spain,ESP,2016,37.523876
Spain,ESP,2017,38.031815
Spain,ESP,2018,37.846645
Spain,ESP,2019,40.291454
Spain,ESP,2020,40.26365
Spain,ESP,2021,41.36567
Sri Lanka,LKA,1985,3.563875
Sri Lanka,LKA,1990,3.6532204
Sri Lanka,LKA,1995,3.7675173
Sri Lanka,LKA,2002,4.115983
Sri Lanka,LKA,2006,4.891205
Sri Lanka,LKA,2009,5.2440896
Sri Lanka,LKA,2012,5.727975
Sri Lanka,LKA,2016,6.5877724
Sri Lanka,LKA,2019,6.91304
Sub-Saharan Africa (PIP),NA,1990,1.94
Sub-Saharan Africa (PIP),NA,1991,1.87
Sub-Saharan Africa (PIP),NA,1992,1.83
Sub-Saharan Africa (PIP),NA,1993,1.79
Sub-Saharan Africa (PIP),NA,1994,1.77
Sub-Saharan Africa (PIP),NA,1995,1.8
Sub-Saharan Africa (PIP),NA,1996,1.82
Sub-Saharan Africa (PIP),NA,1997,1.85
Sub-Saharan Africa (PIP),NA,1998,1.86
Sub-Saharan Africa (PIP),NA,1999,1.88
Sub-Saharan Africa (PIP),NA,2000,1.9
Sub-Saharan Africa (PIP),NA,2001,1.94
Sub-Saharan Africa (PIP),NA,2002,1.97
Sub-Saharan Africa (PIP),NA,2003,2.02
Sub-Saharan Africa (PIP),NA,2004,2.14
Sub-Saharan Africa (PIP),NA,2005,2.2
Sub-Saharan Africa (PIP),NA,2006,2.28
Sub-Saharan Africa (PIP),NA,2007,2.32
Sub-Saharan Africa (PIP),NA,2008,2.38
Sub-Saharan Africa (PIP),NA,2009,2.42
Sub-Saharan Africa (PIP),NA,2010,2.5
Sub-Saharan Africa (PIP),NA,2011,2.54
Sub-Saharan Africa (PIP),NA,2012,2.6
Sub-Saharan Africa (PIP),NA,2013,2.64
Sub-Saharan Africa (PIP),NA,2014,2.7
Sub-Saharan Africa (PIP),NA,2015,2.7
Sub-Saharan Africa (PIP),NA,2016,2.7
Sub-Saharan Africa (PIP),NA,2017,2.74
Sub-Saharan Africa (PIP),NA,2018,2.76
Sub-Saharan Africa (PIP),NA,2019,2.78
Sudan,SDN,2009,3.77237
Sudan,SDN,2014,3.6616235
Suriname,SUR,2022,13.008748
Suriname (urban),NA,1999,8.138049
Sweden,SWE,1975,25.352112
Sweden,SWE,1981,27.39903
Sweden,SWE,1987,28.717962
Sweden,SWE,1992,33.748695
Sweden,SWE,1995,32.350647
Sweden,SWE,2000,35.85133
Sweden,SWE,2001,37.023773
Sweden,SWE,2002,38.275738
Sweden,SWE,2003,36.327465
Sweden,SWE,2004,36.570187
Sweden,SWE,2005,37.499622
Sweden,SWE,2006,39.30408
Sweden,SWE,2007,41.29602
Sweden,SWE,2008,42.17419
Sweden,SWE,2009,42.91585
Sweden,SWE,2010,43.49747
Sweden,SWE,2011,44.076977
Sweden,SWE,2012,44.910286
Sweden,SWE,2013,45.66305
Sweden,SWE,2014,46.89024
Sweden,SWE,2015,48.042767
Sweden,SWE,2016,48.815613
Sweden,SWE,2017,48.84963
Sweden,SWE,2018,49.2975
Sweden,SWE,2019,50.568718
Sweden,SWE,2020,51.812824
Sweden,SWE,2021,51.530468
Switzerland,CHE,1982,57.32491
Switzerland,CHE,1992,57.169586
Switzerland,CHE,2000,55.55834
Switzerland,CHE,2002,59.566936
Switzerland,CHE,2006,59.464886
Switzerland,CHE,2007,60.232258
Switzerland,CHE,2008,61.03634
Switzerland,CHE,2009,61.0851
Switzerland,CHE,2010,62.18168
Switzerland,CHE,2011,63.643364
Switzerland,CHE,2012,64.390816
Switzerland,CHE,2013,63.70459
Switzerland,CHE,2014,64.25933
Switzerland,CHE,2015,64.76187
Switzerland,CHE,2016,65.323685
Switzerland,CHE,2017,65.41941
Switzerland,CHE,2018,64.34563
Switzerland,CHE,2019,64.75705
Switzerland,CHE,2020,65.79692
Syria,SYR,1996,5.7818213
Syria,SYR,2003,6.995547
Syria,SYR,2006,7.244766
Syria,SYR,2009,7.121621
Syria,SYR,2022,2.959133
Taiwan,TWN,1981,13.933725
Taiwan,TWN,1986,18.615566
Taiwan,TWN,1991,30.904259
Taiwan,TWN,1995,36.249294
Taiwan,TWN,1997,38.093143
Taiwan,TWN,2000,39.87931
Taiwan,TWN,2005,39.35388
Taiwan,TWN,2007,37.379333
Taiwan,TWN,2010,34.78631
Taiwan,TWN,2013,35.408276
Taiwan,TWN,2016,38.149696
Taiwan,TWN,2017,39.161507
Taiwan,TWN,2018,39.415733
Taiwan,TWN,2019,40.51002
Taiwan,TWN,2020,42.57047
Taiwan,TWN,2021,42.18017
Tajikistan,TJK,1999,1.8323762
Tajikistan,TJK,2003,2.577647
Tajikistan,TJK,2004,3.3846924
Tajikistan,TJK,2007,4.0240703
Tajikistan,TJK,2009,4.710329
Tajikistan,TJK,2015,5.334834
Tanzania,TZA,1991,1.607305
Tanzania,TZA,2000,1.0775118
Tanzania,TZA,2007,1.9388303
Tanzania,TZA,2011,2.3150973
Tanzania,TZA,2018,2.3307555
Thailand,THA,1981,3.793909
Thailand,THA,1988,3.9747326
Thailand,THA,1990,4.2169313
Thailand,THA,1992,4.8561177
Thailand,THA,1994,5.6001554
Thailand,THA,1996,6.1561584
Thailand,THA,1998,6.295675
Thailand,THA,1999,5.8697286
Thailand,THA,2000,5.8050413
Thailand,THA,2002,6.7544227
Thailand,THA,2004,7.6158624
Thailand,THA,2006,8.708248
Thailand,THA,2007,8.923645
Thailand,THA,2008,9.352817
Thailand,THA,2009,9.841862
Thailand,THA,2010,10.078043
Thailand,THA,2011,10.52835
Thailand,THA,2012,11.129934
Thailand,THA,2013,11.462607
Thailand,THA,2014,11.619302
Thailand,THA,2015,12.340004
Thailand,THA,2016,12.194284
Thailand,THA,2017,12.487765
Thailand,THA,2018,12.285716
Thailand,THA,2019,12.539443
Thailand,THA,2020,12.889153
Thailand,THA,2021,12.927706
Togo,TGO,2006,1.7547421
Togo,TGO,2011,1.7783784
Togo,TGO,2015,1.9352721
Togo,TGO,2018,3.2052453
Togo,TGO,2021,3.2011387
Tonga,TON,2000,8.999882
Tonga,TON,2009,8.233016
Tonga,TON,2015,7.010862
Tonga,TON,2021,9.959987
Trinidad and Tobago,TTO,1988,13.903417
Trinidad and Tobago,TTO,1992,10.174442
Tunisia,TUN,1985,4.951682
Tunisia,TUN,1990,5.7113986
Tunisia,TUN,1995,5.6134057
Tunisia,TUN,2000,6.71086
Tunisia,TUN,2005,7.7609053
Tunisia,TUN,2010,9.366361
Tunisia,TUN,2015,11.375648
Tunisia,TUN,2021,11.934058
Turkey,TUR,1987,7.512594
Turkey,TUR,1994,7.7994146
Turkey,TUR,2002,8.410175
Turkey,TUR,2003,7.856735
Turkey,TUR,2004,10.101534
Turkey,TUR,2005,10.505494
Turkey,TUR,2006,11.063679
Turkey,TUR,2007,11.846024
Turkey,TUR,2008,13.145552
Turkey,TUR,2009,12.832067
Turkey,TUR,2010,12.923282
Turkey,TUR,2011,13.753508
Turkey,TUR,2012,14.154866
Turkey,TUR,2013,14.912288
Turkey,TUR,2014,15.069781
Turkey,TUR,2015,14.58799
Turkey,TUR,2016,15.689208
Turkey,TUR,2017,17.245556
Turkey,TUR,2018,17.918482
Turkey,TUR,2019,17.866121
Turkey,TUR,2020,18.164753
Turkey,TUR,2021,19.567127
Turkmenistan,TKM,1998,2.3988008
Tuvalu,TUV,2010,6.2684546
Uganda,UGA,1989,1.8115219
Uganda,UGA,1992,1.6788772
Uganda,UGA,1996,1.7020516
Uganda,UGA,1999,1.5781163
Uganda,UGA,2002,1.6417547
Uganda,UGA,2005,1.8962802
Uganda,UGA,2009,2.3031871
Uganda,UGA,2012,2.6347055
Uganda,UGA,2016,2.4391303
Uganda,UGA,2019,2.4753115
Ukraine,UKR,1992,6.3332596
Ukraine,UKR,1993,6.2527795
Ukraine,UKR,1995,5.7893724
Ukraine,UKR,1996,5.0929837
Ukraine,UKR,2002,5.874384
Ukraine,UKR,2003,6.535736
Ukraine,UKR,2004,7.3702335
Ukraine,UKR,2005,8.693058
Ukraine,UKR,2006,9.337657
Ukraine,UKR,2007,9.146583
Ukraine,UKR,2008,10.495289
Ukraine,UKR,2009,9.819549
Ukraine,UKR,2010,10.554482
Ukraine,UKR,2011,10.962115
Ukraine,UKR,2012,11.43756
Ukraine,UKR,2013,12.086083
Ukraine,UKR,2014,11.6106825
Ukraine,UKR,2015,10.32197
Ukraine,UKR,2016,10.639187
Ukraine,UKR,2017,11.528695
Ukraine,UKR,2018,12.027805
Ukraine,UKR,2019,13.127843
Ukraine,UKR,2020,12.599212
United Arab Emirates,ARE,2013,65.14401
United Kingdom,GBR,1968,17.986197
United Kingdom,GBR,1969,18.02587
United Kingdom,GBR,1970,18.336798
United Kingdom,GBR,1971,18.028748
United Kingdom,GBR,1972,18.970327
United Kingdom,GBR,1973,20.343304
United Kingdom,GBR,1974,20.499552
United Kingdom,GBR,1975,20.11297
United Kingdom,GBR,1976,19.354103
United Kingdom,GBR,1977,19.104132
United Kingdom,GBR,1978,20.940548
United Kingdom,GBR,1979,21.086723
United Kingdom,GBR,1980,21.38689
United Kingdom,GBR,1981,21.199322
United Kingdom,GBR,1982,23.288107
United Kingdom,GBR,1983,22.323572
United Kingdom,GBR,1984,23.347246
United Kingdom,GBR,1985,23.633066
United Kingdom,GBR,1986,25.217712
United Kingdom,GBR,1987,25.935862
United Kingdom,GBR,1988,27.454412
United Kingdom,GBR,1989,28.343409
United Kingdom,GBR,1990,28.62545
United Kingdom,GBR,1991,29.593336
United Kingdom,GBR,1992,28.876287
United Kingdom,GBR,1993,28.67055
United Kingdom,GBR,1994,30.821486
United Kingdom,GBR,1995,31.006605
United Kingdom,GBR,1996,32.45276
United Kingdom,GBR,1997,33.444813
United Kingdom,GBR,1998,34.677525
United Kingdom,GBR,1999,35.384037
United Kingdom,GBR,2000,37.382763
United Kingdom,GBR,2001,38.83765
United Kingdom,GBR,2002,39.2776
United Kingdom,GBR,2003,40.191704
United Kingdom,GBR,2004,41.320786
United Kingdom,GBR,2005,42.121468
United Kingdom,GBR,2006,42.415165
United Kingdom,GBR,2007,43.690266
United Kingdom,GBR,2008,43.553783
United Kingdom,GBR,2009,43.093025
United Kingdom,GBR,2010,42.9632
United Kingdom,GBR,2011,42.44035
United Kingdom,GBR,2012,42.17668
United Kingdom,GBR,2013,42.64952
United Kingdom,GBR,2014,43.870487
United Kingdom,GBR,2015,44.425335
United Kingdom,GBR,2016,45.214054
United Kingdom,GBR,2017,45.379646
United Kingdom,GBR,2018,45.27532
United Kingdom,GBR,2019,47.227264
United Kingdom,GBR,2020,46.31554
United Kingdom,GBR,2021,46.870113
United States,USA,1963,29.276546
United States,USA,1964,30.553005
United States,USA,1965,32.536404
United States,USA,1966,32.780712
United States,USA,1967,34.918777
United States,USA,1968,36.535213
United States,USA,1969,37.731342
United States,USA,1970,37.552277
United States,USA,1971,38.20952
United States,USA,1972,41.455406
United States,USA,1973,42.495228
United States,USA,1974,41.137962
United States,USA,1975,41.577755
United States,USA,1976,42.805096
United States,USA,1977,42.89855
United States,USA,1978,43.78883
United States,USA,1979,44.843143
United States,USA,1980,42.79412
United States,USA,1981,41.551727
United States,USA,1982,41.720703
United States,USA,1983,43.05212
United States,USA,1984,44.79597
United States,USA,1985,45.231384
United States,USA,1986,46.57188
United States,USA,1987,48.352707
United States,USA,1988,48.585472
United States,USA,1989,48.815456
United States,USA,1990,47.46177
United States,USA,1991,47.58916
United States,USA,1992,47.304375
United States,USA,1993,46.677616
United States,USA,1994,47.524746
United States,USA,1995,47.960865
United States,USA,1996,48.413067
United States,USA,1997,49.627975
United States,USA,1998,51.782684
United States,USA,1999,52.77889
United States,USA,2000,53.177048
United States,USA,2001,52.88555
United States,USA,2002,53.550327
United States,USA,2003,53.78248
United States,USA,2004,54.04835
United States,USA,2005,54.373783
United States,USA,2006,54.96837
United States,USA,2007,55.273888
United States,USA,2008,53.73126
United States,USA,2009,54.228012
United States,USA,2010,53.569782
United States,USA,2011,53.213585
United States,USA,2012,53.513405
United States,USA,2013,53.18275
United States,USA,2014,51.783176
United States,USA,2015,54.421295
United States,USA,2016,57.64062
United States,USA,2017,58.498417
United States,USA,2018,61.16726
United States,USA,2019,65.042755
United States,USA,2020,68.37387
United States,USA,2021,66.64519
Uruguay,URY,2006,12.698808
Uruguay,URY,2007,13.717671
Uruguay,URY,2008,15.523848
Uruguay,URY,2009,16.656258
Uruguay,URY,2010,16.896963
Uruguay,URY,2011,19.201862
Uruguay,URY,2012,20.067238
Uruguay,URY,2013,20.7836
Uruguay,URY,2014,22.020576
Uruguay,URY,2015,22.413225
Uruguay,URY,2016,22.016523
Uruguay,URY,2017,22.866255
Uruguay,URY,2018,22.30404
Uruguay,URY,2019,21.999668
Uruguay,URY,2020,20.32662
Uruguay,URY,2021,20.208952
Uruguay,URY,2022,20.99745
Uruguay (urban),NA,1981,14.807196
Uruguay (urban),NA,1989,16.069246
Uruguay (urban),NA,1992,17.1476
Uruguay (urban),NA,1995,17.671822
Uruguay (urban),NA,1996,17.06949
Uruguay (urban),NA,1997,17.037256
Uruguay (urban),NA,1998,18.128729
Uruguay (urban),NA,2000,17.145294
Uruguay (urban),NA,2001,16.272411
Uruguay (urban),NA,2002,14.425236
Uruguay (urban),NA,2003,11.963974
Uruguay (urban),NA,2004,12.138544
Uruguay (urban),NA,2005,12.808138
Uzbekistan,UZB,1998,1.7957982
Uzbekistan,UZB,2000,1.2577156
Uzbekistan,UZB,2002,1.3487138
Uzbekistan,UZB,2003,1.2611177
Uzbekistan,UZB,2022,12.050619
Vanuatu,VUT,2010,4.123768
Vanuatu,VUT,2019,4.6742573
Venezuela,VEN,1981,9.18346
Venezuela,VEN,1987,8.469596
Venezuela,VEN,1989,9.798547
Venezuela,VEN,1992,9.045124
Venezuela,VEN,1995,6.698132
Venezuela,VEN,1998,7.0535007
Venezuela,VEN,1999,6.3937006
Venezuela,VEN,2001,6.681189
Venezuela,VEN,2002,5.42045
Venezuela,VEN,2003,4.7367663
Venezuela,VEN,2004,5.3565845
Venezuela,VEN,2005,6.65166
Venezuela,VEN,2006,8.490453
Vietnam,VNM,1992,2.3059344
Vietnam,VNM,1997,2.9902124
Vietnam,VNM,2002,2.824715
Vietnam,VNM,2004,3.4307585
Vietnam,VNM,2006,3.9606404
Vietnam,VNM,2008,4.252917
Vietnam,VNM,2010,7.1777043
Vietnam,VNM,2012,7.9646215
Vietnam,VNM,2014,8.568849
Vietnam,VNM,2016,9.841572
Vietnam,VNM,2018,10.9219675
Vietnam,VNM,2020,11.926914
Vietnam,VNM,2022,11.452532
Western and Central Africa (PIP),NA,1990,1.9
Western and Central Africa (PIP),NA,1991,1.84
Western and Central Africa (PIP),NA,1992,1.82
Western and Central Africa (PIP),NA,1993,1.79
Western and Central Africa (PIP),NA,1994,1.78
Western and Central Africa (PIP),NA,1995,1.78
Western and Central Africa (PIP),NA,1996,1.79
Western and Central Africa (PIP),NA,1997,1.83
Western and Central Africa (PIP),NA,1998,1.86
Western and Central Africa (PIP),NA,1999,1.9
Western and Central Africa (PIP),NA,2001,2
Western and Central Africa (PIP),NA,2002,2.1
Western and Central Africa (PIP),NA,2003,2.16
Western and Central Africa (PIP),NA,2004,2.24
Western and Central Africa (PIP),NA,2005,2.3
Western and Central Africa (PIP),NA,2006,2.34
Western and Central Africa (PIP),NA,2008,2.46
Western and Central Africa (PIP),NA,2009,2.5
Western and Central Africa (PIP),NA,2010,2.6
Western and Central Africa (PIP),NA,2011,2.64
Western and Central Africa (PIP),NA,2012,2.74
Western and Central Africa (PIP),NA,2013,2.8
Western and Central Africa (PIP),NA,2014,2.9
Western and Central Africa (PIP),NA,2015,2.9
Western and Central Africa (PIP),NA,2016,2.96
Western and Central Africa (PIP),NA,2017,3.06
Western and Central Africa (PIP),NA,2018,3.16
Western and Central Africa (PIP),NA,2019,3.22
World,OWID_WRL,1990,2.92
World,OWID_WRL,1991,2.96
World,OWID_WRL,1992,3.02
World,OWID_WRL,1993,3.06
World,OWID_WRL,1994,3.14
World,OWID_WRL,1995,3.24
World,OWID_WRL,1996,3.32
World,OWID_WRL,1997,3.38
World,OWID_WRL,1998,3.38
World,OWID_WRL,1999,3.4
World,OWID_WRL,2000,3.52
World,OWID_WRL,2001,3.62
World,OWID_WRL,2002,3.76
World,OWID_WRL,2003,3.9
World,OWID_WRL,2004,4.1
World,OWID_WRL,2005,4.28
World,OWID_WRL,2006,4.48
World,OWID_WRL,2007,4.68
World,OWID_WRL,2008,4.84
World,OWID_WRL,2009,5.05
World,OWID_WRL,2010,5.35
World,OWID_WRL,2011,5.6
World,OWID_WRL,2012,5.85
World,OWID_WRL,2013,6.2
World,OWID_WRL,2014,6.4
World,OWID_WRL,2015,6.65
World,OWID_WRL,2016,6.8
World,OWID_WRL,2017,7.05
World,OWID_WRL,2018,7.35
World,OWID_WRL,2019,7.6
World,OWID_WRL,2020,7.4
World,OWID_WRL,2021,7.6
World,OWID_WRL,2022,7.75
Yemen,YEM,1998,5.028546
Yemen,YEM,2005,4.126022
Yemen,YEM,2014,3.4357183
Zambia,ZMB,1991,1.6473335
Zambia,ZMB,1993,1.7063197
Zambia,ZMB,1996,2.3304799
Zambia,ZMB,1998,2.2775962
Zambia,ZMB,2002,1.9308877
Zambia,ZMB,2004,1.60922
Zambia,ZMB,2006,1.4654101
Zambia,ZMB,2010,1.5375938
Zambia,ZMB,2015,1.6081347
Zambia,ZMB,2022,1.4850891
Zimbabwe,ZWE,2011,3.7988682
Zimbabwe,ZWE,2017,2.8745577
Zimbabwe,ZWE,2019,2.6548173
